,CSVData,Input_TotalNumTests,Input_TotalNumIts,Input_RNRangeStart,Input_RNRangeEnd,Input_RNRangeDiv,Input_ModDiv,FinalVal_kthTest,FinalVal_nthIt,FinalVal_RN,FinalVal_A,FinalVal_B,Ans_ModA,Ans_ModB,TestResult
0,[0],1001,21,1,100,80,255,21,1001,0.45,11.4875,135.0875,11.4875,55.0875,[0]
1,[0],1001,21,1,100,80,255,21,1001,0.05,22.425,487.5,22.425,7.5,[0]
2,[0],1001,21,1,100,80,255,21,1001,0.2875,35.4875,1070.2375,35.4875,30.2375,[0]
3,[0],1001,21,1,100,80,255,21,1001,1.2375,46.5,1894.975,46.5,54.975,[0]
4,[0],1001,21,1,100,80,255,21,1001,1.075,60.7,2968.5,60.7,8.5,[0]
5,[0],1001,21,1,100,80,255,21,1001,0.125,74.7,4324.8125,74.7,4.8125,[0]
6,[0],1001,21,1,100,80,255,21,1001,0.6625,86.7375,5945.825,6.7375,25.825,[0]
7,[0],1001,21,1,100,80,255,21,1001,0.3875,101.0,7837.0375,21.0,77.0375,[0]
8,[0],1001,21,1,100,80,255,21,1001,0.5875,114.025,9990.4625,34.025,70.4625,[0]
9,[0],1001,21,1,100,80,255,21,1001,0.5625,125.0875,12391.0,45.0875,71.0,[0]
10,[0],1001,21,1,100,80,255,21,1001,0.6875,139.7,15030.0,59.7,70.0,[0]
11,[0],1001,21,1,100,80,255,21,1001,0.375,153.7,17977.1125,73.7,57.1125,[0]
12,[0],1001,21,1,100,80,255,21,1001,1.1625,169.7,21213.575,9.7,13.575,[0]
13,[0],1001,21,1,100,80,255,21,1001,0.1,181.2375,24739.75,21.2375,19.75,[0]
14,[0],1001,21,1,100,80,255,21,1001,0.025,194.0375,28518.9125,34.0375,38.9125,[0]
15,[0],1001,21,1,100,80,255,21,1001,0.2875,205.45,32520.95,45.45,40.95,[0]
16,[0],1001,21,1,100,80,255,21,1001,0.725,217.9,36756.05,57.9,36.05,[0]
17,[0],1001,21,1,100,80,255,21,1001,0.3625,232.2625,41263.575,72.2625,63.575,[0]
18,[0],1001,21,1,100,80,255,21,1001,1.2375,245.5875,46044.575,5.5875,44.575,[0]
19,[0],1001,21,1,100,80,255,21,1001,1.0375,257.675,51082.075,17.675,42.075,[0]
20,[0],1001,21,1,100,80,255,21,1001,0.0875,269.475,56353.85,29.475,33.85,[0]
21,[0],1001,21,1,100,80,255,21,1001,0.2375,279.2875,61838.6875,39.2875,78.6875,[0]
22,[0],1001,21,1,100,80,255,21,1001,0.9125,292.375,67544.075,52.375,24.075,[0]
23,[0],1001,21,1,100,80,255,21,1001,0.2125,303.075,73506.05,63.075,66.05,[0]
24,[0],1001,21,1,100,80,255,21,1001,1.05,319.075,79731.6875,79.075,51.6875,[0]
25,[0],1001,21,1,100,80,255,21,1001,0.35,330.4875,86240.2,10.4875,0.2,[0]
26,[0],1001,21,1,100,80,255,21,1001,0.325,344.6125,92990.3,24.6125,30.3,[0]
27,[0],1001,21,1,100,80,255,21,1001,0.2625,356.3875,100006.3625,36.3875,6.3625,[0]
28,[0],1001,21,1,100,80,255,21,1001,0.025,368.725,107286.3,48.725,6.3,[0]
29,[0],1001,21,1,100,80,255,21,1001,0.0875,377.0375,114741.0375,57.0375,21.0375,[0]
30,[0],1001,21,1,100,80,255,21,1001,0.1375,388.8,122405.525,68.8,5.525,[0]
31,[0],1001,21,1,100,80,255,21,1001,0.7,400.9375,130297.9375,0.9375,57.9375,[0]
32,[0],1001,21,1,100,80,255,21,1001,0.1,412.7875,138460.65,12.7875,60.65,[0]
33,[0],1001,21,1,100,80,255,21,1001,0.0625,425.7875,146860.725,25.7875,60.725,[0]
34,[0],1001,21,1,100,80,255,21,1001,0.1375,439.5125,155525.0,39.5125,5.0,[0]
35,[0],1001,21,1,100,80,255,21,1001,0.7,451.375,164453.5625,51.375,53.5625,[0]
36,[0],1001,21,1,100,80,255,21,1001,0.0875,462.825,173607.05,62.825,7.05,[0]
37,[0],1001,21,1,100,80,255,21,1001,0.925,477.1125,183015.725,77.1125,55.725,[0]
38,[0],1001,21,1,100,80,255,21,1001,1.1,490.0,192703.0,10.0,63.0,[0]
39,[0],1001,21,1,100,80,255,21,1001,0.6,501.0875,202623.225,21.0875,63.225,[0]
40,[0],1001,21,1,100,80,255,21,1001,1.225,517.4125,212821.9125,37.4125,21.9125,[0]
41,[0],1001,21,1,100,80,255,21,1001,0.6125,531.225,223319.9875,51.225,39.9875,[0]
42,[0],1001,21,1,100,80,255,21,1001,0.7625,543.2375,234059.7,63.2375,59.7,[0]
43,[0],1001,21,1,100,80,255,21,1001,0.3375,555.225,245058.9375,75.225,18.9375,[0]
44,[0],1001,21,1,100,80,255,21,1001,0.6125,563.625,256240.5625,3.625,0.5625,[0]
45,[0],1001,21,1,100,80,255,21,1001,0.5875,577.8,267660.7375,17.8,60.7375,[0]
46,[0],1001,21,1,100,80,255,21,1001,0.95,592.7,279365.5875,32.7,5.5875,[0]
47,[0],1001,21,1,100,80,255,21,1001,0.2,603.525,291349.4625,43.525,69.4625,[0]
48,[0],1001,21,1,100,80,255,21,1001,0.5875,616.15,303548.3625,56.15,28.3625,[0]
49,[0],1001,21,1,100,80,255,21,1001,0.8625,628.9875,316005.5625,68.9875,5.5625,[0]
50,[0],1001,21,1,100,80,255,21,1001,0.4375,641.1375,328692.55,1.1375,52.55,[0]
51,[0],1001,21,1,100,80,255,21,1001,0.7375,655.0625,341644.175,15.0625,44.175,[0]
52,[0],1001,21,1,100,80,255,21,1001,1.1,668.3875,354871.4375,28.3875,71.4375,[0]
53,[0],1001,21,1,100,80,255,21,1001,0.2625,680.75,368387.625,40.75,67.625,[0]
54,[0],1001,21,1,100,80,255,21,1001,0.35,693.475,382137.1,53.475,57.1,[0]
55,[0],1001,21,1,100,80,255,21,1001,0.5875,704.3375,396128.65,64.3375,48.65,[0]
56,[0],1001,21,1,100,80,255,21,1001,1.0125,716.575,410345.5625,76.575,25.5625,[0]
57,[0],1001,21,1,100,80,255,21,1001,0.2375,729.4125,424820.375,9.4125,20.375,[0]
58,[0],1001,21,1,100,80,255,21,1001,0.6875,743.4125,439565.65,23.4125,45.65,[0]
59,[0],1001,21,1,100,80,255,21,1001,0.1125,753.5,454539.6875,33.5,59.6875,[0]
60,[0],1001,21,1,100,80,255,21,1001,0.9625,763.1875,469708.5125,43.1875,28.5125,[0]
61,[0],1001,21,1,100,80,255,21,1001,0.9875,774.7125,485098.0375,54.7125,58.0375,[0]
62,[0],1001,21,1,100,80,255,21,1001,0.3875,789.9875,500755.0875,69.9875,35.0875,[0]
63,[0],1001,21,1,100,80,255,21,1001,0.9875,802.15,516680.475,2.15,40.475,[0]
64,[0],1001,21,1,100,80,255,21,1001,0.4375,814.7,532862.4375,14.7,62.4375,[0]
65,[0],1001,21,1,100,80,255,21,1001,0.5125,826.5375,549290.1875,26.5375,10.1875,[0]
66,[0],1001,21,1,100,80,255,21,1001,0.2625,838.1375,565951.525,38.1375,31.525,[0]
67,[0],1001,21,1,100,80,255,21,1001,0.5,849.65,582835.0625,49.65,35.0625,[0]
68,[0],1001,21,1,100,80,255,21,1001,0.6,861.8375,599956.6125,61.8375,36.6125,[0]
69,[0],1001,21,1,100,80,255,21,1001,1.175,875.4375,617345.6875,75.4375,65.6875,[0]
70,[0],1001,21,1,100,80,255,21,1001,0.15,886.9125,634990.625,6.9125,30.625,[0]
71,[0],1001,21,1,100,80,255,21,1001,0.1625,898.6,652861.2875,18.6,61.2875,[0]
72,[0],1001,21,1,100,80,255,21,1001,0.3875,909.9,670946.3,29.9,66.3,[0]
73,[0],1001,21,1,100,80,255,21,1001,1.0125,922.8375,689276.2,42.8375,76.2,[0]
74,[0],1001,21,1,100,80,255,21,1001,0.525,937.625,707900.75,57.625,60.75,[0]
75,[0],1001,21,1,100,80,255,21,1001,1.2125,947.7125,726754.0875,67.7125,34.0875,[0]
76,[0],1001,21,1,100,80,255,21,1001,0.5625,961.175,745847.325,1.175,7.325,[0]
77,[0],1001,21,1,100,80,255,21,1001,0.5125,974.1875,765223.6,14.1875,23.6,[0]
78,[0],1001,21,1,100,80,255,21,1001,1.075,989.475,784875.1625,29.475,75.1625,[0]
79,[0],1001,21,1,100,80,255,21,1001,0.2875,999.625,804778.6,39.625,58.6,[0]
80,[0],1001,21,1,100,80,255,21,1001,1.2125,1013.3,824896.975,53.3,16.975,[0]
81,[0],1001,21,1,100,80,255,21,1001,0.6,1027.1375,845319.75,67.1375,39.75,[0]
82,[0],1001,21,1,100,80,255,21,1001,0.35,1036.975,865962.875,76.975,42.875,[0]
83,[0],1001,21,1,100,80,255,21,1001,0.95,1050.825,886835.95,10.825,35.95,[0]
84,[0],1001,21,1,100,80,255,21,1001,1.1625,1061.8625,907965.8625,21.8625,45.8625,[0]
85,[0],1001,21,1,100,80,255,21,1001,0.9125,1073.075,929320.8875,33.075,40.8875,[0]
86,[0],1001,21,1,100,80,255,21,1001,1.125,1085.2625,950897.025,45.2625,17.025,[0]
87,[0],1001,21,1,100,80,255,21,1001,1.025,1099.5375,972743.275,59.5375,23.275,[0]
88,[0],1001,21,1,100,80,255,21,1001,0.3125,1111.675,994867.4125,71.675,67.4125,[0]
89,[0],1001,21,1,100,80,255,21,1001,0.5875,1121.9375,1017211.275,1.9375,11.275,[0]
90,[0],1001,21,1,100,80,255,21,1001,1.2375,1137.625,1039802.275,17.625,42.275,[0]
91,[0],1001,21,1,100,80,255,21,1001,1.0125,1149.95,1062696.3625,29.95,56.3625,[0]
92,[0],1001,21,1,100,80,255,21,1001,1.0625,1162.7625,1085813.3375,42.7625,53.3375,[0]
93,[0],1001,21,1,100,80,255,21,1001,1.2125,1175.4875,1109184.0625,55.4875,64.0625,[0]
94,[0],1001,21,1,100,80,255,21,1001,0.1875,1187.35,1132816.775,67.35,16.775,[0]
95,[0],1001,21,1,100,80,255,21,1001,0.3125,1199.3625,1156696.55,79.3625,56.55,[0]
96,[0],1001,21,1,100,80,255,21,1001,0.175,1210.275,1180803.85,10.275,3.85,[0]
97,[0],1001,21,1,100,80,255,21,1001,1.125,1224.7125,1205162.1875,24.7125,42.1875,[0]
98,[0],1001,21,1,100,80,255,21,1001,0.2375,1237.2125,1229776.55,37.2125,16.55,[0]
99,[0],1001,21,1,100,80,255,21,1001,0.9375,1248.1125,1254643.6625,48.1125,3.6625,[0]
100,[0],1001,21,1,100,80,255,21,1001,0.75,1262.975,1279767.5125,62.975,7.5125,[0]
101,[0],1001,21,1,100,80,255,21,1001,1.1,1278.8875,1305182.8625,78.8875,62.8625,[0]
102,[0],1001,21,1,100,80,255,21,1001,0.5875,1292.675,1330905.675,12.675,25.675,[0]
103,[0],1001,21,1,100,80,255,21,1001,0.9375,1307.4625,1356896.1125,27.4625,16.1125,[0]
104,[0],1001,21,1,100,80,255,21,1001,1.0,1320.2,1383171.3125,40.2,51.3125,[0]
105,[0],1001,21,1,100,80,255,21,1001,0.5,1332.05,1409710.3125,52.05,30.3125,[0]
106,[0],1001,21,1,100,80,255,21,1001,0.95,1344.5125,1436487.9625,64.5125,7.9625,[0]
107,[0],1001,21,1,100,80,255,21,1001,0.1875,1353.3125,1463489.125,73.3125,49.125,[0]
108,[0],1001,21,1,100,80,255,21,1001,0.4,1366.3,1490685.1125,6.3,45.1125,[0]
109,[0],1001,21,1,100,80,255,21,1001,0.2625,1379.95,1518150.5,19.95,70.5,[0]
110,[0],1001,21,1,100,80,255,21,1001,0.6625,1393.125,1545896.1,33.125,56.1,[0]
111,[0],1001,21,1,100,80,255,21,1001,0.775,1406.375,1573904.7125,46.375,64.7125,[0]
112,[0],1001,21,1,100,80,255,21,1001,0.45,1416.5125,1602146.475,56.5125,66.475,[0]
113,[0],1001,21,1,100,80,255,21,1001,0.55,1427.075,1630585.3375,67.075,25.3375,[0]
114,[0],1001,21,1,100,80,255,21,1001,0.625,1437.3375,1659220.8625,77.3375,20.8625,[0]
115,[0],1001,21,1,100,80,255,21,1001,0.5875,1448.5,1688078.6125,8.5,78.6125,[0]
116,[0],1001,21,1,100,80,255,21,1001,1.125,1461.8125,1717186.55,21.8125,66.55,[0]
117,[0],1001,21,1,100,80,255,21,1001,1.1375,1474.3875,1746564.05,34.3875,4.05,[0]
118,[0],1001,21,1,100,80,255,21,1001,0.1375,1487.6,1776197.6625,47.6,37.6625,[0]
119,[0],1001,21,1,100,80,255,21,1001,1.15,1501.9375,1806092.025,61.9375,12.025,[0]
120,[0],1001,21,1,100,80,255,21,1001,1.1125,1517.0875,1836298.45,77.0875,58.45,[0]
121,[0],1001,21,1,100,80,255,21,1001,1.1375,1530.3375,1866781.5625,10.3375,61.5625,[0]
122,[0],1001,21,1,100,80,255,21,1001,0.95,1543.425,1897516.85,23.425,76.85,[0]
123,[0],1001,21,1,100,80,255,21,1001,1.1,1556.8125,1928500.7625,36.8125,20.7625,[0]
124,[0],1001,21,1,100,80,255,21,1001,0.9875,1569.4625,1959774.1,49.4625,14.1,[0]
125,[0],1001,21,1,100,80,255,21,1001,0.175,1584.775,1991322.875,64.775,42.875,[0]
126,[0],1001,21,1,100,80,255,21,1001,1.0625,1595.5,2023114.6,75.5,74.6,[0]
127,[0],1001,21,1,100,80,255,21,1001,0.55,1606.9,2055147.3,6.9,27.3,[0]
128,[0],1001,21,1,100,80,255,21,1001,1.2125,1618.7625,2087395.05,18.7625,35.05,[0]
129,[0],1001,21,1,100,80,255,21,1001,0.2875,1631.0,2119889.8875,31.0,49.8875,[0]
130,[0],1001,21,1,100,80,255,21,1001,0.9,1643.275,2152645.725,43.275,5.725,[0]
131,[0],1001,21,1,100,80,255,21,1001,0.2,1657.7375,2185662.55,57.7375,62.55,[0]
132,[0],1001,21,1,100,80,255,21,1001,0.1375,1670.2,2218967.3875,70.2,7.3875,[0]
133,[0],1001,21,1,100,80,255,21,1001,0.4875,1683.6875,2252505.525,3.6875,25.525,[0]
134,[0],1001,21,1,100,80,255,21,1001,1.075,1699.1625,2286327.5125,19.1625,7.5125,[0]
135,[0],1001,21,1,100,80,255,21,1001,0.25,1713.4625,2320468.425,33.4625,68.425,[0]
136,[0],1001,21,1,100,80,255,21,1001,0.0625,1724.75,2354854.8375,44.75,54.8375,[0]
137,[0],1001,21,1,100,80,255,21,1001,0.4875,1737.4625,2389488.5875,57.4625,48.5875,[0]
138,[0],1001,21,1,100,80,255,21,1001,1.0375,1750.275,2424372.425,70.275,52.425,[0]
139,[0],1001,21,1,100,80,255,21,1001,1.1125,1763.5625,2459508.85,3.5625,68.85,[0]
140,[0],1001,21,1,100,80,255,21,1001,1.125,1774.8875,2494900.2875,14.8875,20.2875,[0]
141,[0],1001,21,1,100,80,255,21,1001,0.85,1788.8375,2530524.65,28.8375,44.65,[0]
142,[0],1001,21,1,100,80,255,21,1001,0.3125,1801.0375,2566419.1375,41.0375,19.1375,[0]
143,[0],1001,21,1,100,80,255,21,1001,0.3875,1811.1875,2602540.625,51.1875,60.625,[0]
144,[0],1001,21,1,100,80,255,21,1001,0.9875,1822.7875,2638885.85,62.7875,5.85,[0]
145,[0],1001,21,1,100,80,255,21,1001,0.475,1834.9,2675478.775,74.9,38.775,[0]
146,[0],1001,21,1,100,80,255,21,1001,0.3,1844.8375,2712283.975,4.8375,43.975,[0]
147,[0],1001,21,1,100,80,255,21,1001,0.9,1858.9,2749324.325,18.9,44.325,[0]
148,[0],1001,21,1,100,80,255,21,1001,0.9875,1870.275,2786618.55,30.275,58.55,[0]
149,[0],1001,21,1,100,80,255,21,1001,0.7375,1882.85,2824149.7,42.85,69.7,[0]
150,[0],1001,21,1,100,80,255,21,1001,0.175,1894.65,2861941.5625,54.65,21.5625,[0]
151,[0],1001,21,1,100,80,255,21,1001,0.225,1905.3,2899961.0,65.3,41.0,[0]
152,[0],1001,21,1,100,80,255,21,1001,0.775,1915.8875,2938175.0125,75.8875,15.0125,[0]
153,[0],1001,21,1,100,80,255,21,1001,0.3625,1928.65,2976621.7375,8.65,61.7375,[0]
154,[0],1001,21,1,100,80,255,21,1001,0.6625,1945.0,3015379.725,25.0,19.725,[0]
155,[0],1001,21,1,100,80,255,21,1001,0.1375,1955.4125,3054386.725,35.4125,66.725,[0]
156,[0],1001,21,1,100,80,255,21,1001,0.7625,1965.1875,3093597.3375,45.1875,77.3375,[0]
157,[0],1001,21,1,100,80,255,21,1001,1.1625,1973.6375,3132985.9125,53.6375,25.9125,[0]
158,[0],1001,21,1,100,80,255,21,1001,1.025,1987.5,3172581.1625,67.5,21.1625,[0]
159,[0],1001,21,1,100,80,255,21,1001,0.825,2000.0125,3212461.3375,0.0125,61.3375,[0]
160,[0],1001,21,1,100,80,255,21,1001,1.05,2015.775,3252626.8,15.775,66.8,[0]
161,[0],1001,21,1,100,80,255,21,1001,1.075,2029.25,3293073.0375,29.25,33.0375,[0]
162,[0],1001,21,1,100,80,255,21,1001,1.2125,2040.85,3333775.5875,40.85,15.5875,[0]
163,[0],1001,21,1,100,80,255,21,1001,0.2125,2053.8125,3374725.8125,53.8125,5.8125,[0]
164,[0],1001,21,1,100,80,255,21,1001,1.15,2067.725,3415945.675,67.725,25.675,[0]
165,[0],1001,21,1,100,80,255,21,1001,0.6,2079.45,3457423.1125,79.45,63.1125,[0]
166,[0],1001,21,1,100,80,255,21,1001,1.0125,2093.7875,3499164.5,13.7875,44.5,[0]
167,[0],1001,21,1,100,80,255,21,1001,0.9375,2105.3375,3541156.125,25.3375,36.125,[0]
168,[0],1001,21,1,100,80,255,21,1001,0.0125,2119.2125,3583407.2125,39.2125,47.2125,[0]
169,[0],1001,21,1,100,80,255,21,1001,0.2375,2127.35,3625877.95,47.35,37.95,[0]
170,[0],1001,21,1,100,80,255,21,1001,0.525,2138.725,3668543.525,58.725,63.525,[0]
171,[0],1001,21,1,100,80,255,21,1001,0.5,2153.4375,3711476.3375,73.4375,36.3375,[0]
172,[0],1001,21,1,100,80,255,21,1001,1.075,2166.8875,3754669.85,6.8875,29.85,[0]
173,[0],1001,21,1,100,80,255,21,1001,0.5,2178.9875,3798128.4375,18.9875,48.4375,[0]
174,[0],1001,21,1,100,80,255,21,1001,1.175,2191.775,3841825.2875,31.775,65.2875,[0]
175,[0],1001,21,1,100,80,255,21,1001,0.2875,2205.45,3885791.825,45.45,31.825,[0]
176,[0],1001,21,1,100,80,255,21,1001,0.4375,2217.6375,3930026.6375,57.6375,26.6375,[0]
177,[0],1001,21,1,100,80,255,21,1001,0.975,2228.675,3974489.8375,68.675,9.8375,[0]
178,[0],1001,21,1,100,80,255,21,1001,0.8375,2242.1375,4019213.8125,2.1375,13.8125,[0]
179,[0],1001,21,1,100,80,255,21,1001,0.175,2252.75,4064179.125,12.75,19.125,[0]
180,[0],1001,21,1,100,80,255,21,1001,0.7375,2265.45,4109356.35,25.45,76.35,[0]
181,[0],1001,21,1,100,80,255,21,1001,0.825,2277.725,4154798.7875,37.725,78.7875,[0]
182,[0],1001,21,1,100,80,255,21,1001,1.1,2293.55,4200530.5625,53.55,50.5625,[0]
183,[0],1001,21,1,100,80,255,21,1001,1.025,2307.7375,4246533.275,67.7375,53.275,[0]
184,[0],1001,21,1,100,80,255,21,1001,1.05,2325.6375,4292881.6625,5.6375,1.6625,[0]
185,[0],1001,21,1,100,80,255,21,1001,0.325,2338.4875,4339534.1625,18.4875,14.1625,[0]
186,[0],1001,21,1,100,80,255,21,1001,1.1875,2351.4875,4386447.45,31.4875,47.45,[0]
187,[0],1001,21,1,100,80,255,21,1001,0.95,2363.9125,4433623.6125,43.9125,23.6125,[0]
188,[0],1001,21,1,100,80,255,21,1001,1.0,2378.3875,4481051.1875,58.3875,11.1875,[0]
189,[0],1001,21,1,100,80,255,21,1001,1.1,2389.6875,4528725.925,69.6875,5.925,[0]
190,[0],1001,21,1,100,80,255,21,1001,0.325,2399.55,4576634.625,79.55,74.625,[0]
191,[0],1001,21,1,100,80,255,21,1001,1.2375,2409.9625,4624719.8375,9.9625,79.8375,[0]
192,[0],1001,21,1,100,80,255,21,1001,0.475,2422.1,4673049.5625,22.1,9.5625,[0]
193,[0],1001,21,1,100,80,255,21,1001,0.9375,2436.425,4721649.6375,36.425,49.6375,[0]
194,[0],1001,21,1,100,80,255,21,1001,0.5875,2451.5125,4770542.0875,51.5125,62.0875,[0]
195,[0],1001,21,1,100,80,255,21,1001,1.15,2463.45,4819687.7,63.45,7.7,[0]
196,[0],1001,21,1,100,80,255,21,1001,0.9875,2476.9,4869085.7375,76.9,45.7375,[0]
197,[0],1001,21,1,100,80,255,21,1001,1.15,2489.6,4918753.5,9.6,33.5,[0]
198,[0],1001,21,1,100,80,255,21,1001,0.55,2502.0125,4968676.3125,22.0125,36.3125,[0]
199,[0],1001,21,1,100,80,255,21,1001,0.575,2513.1625,5018844.4875,33.1625,44.4875,[0]
200,[0],1001,21,1,100,80,255,21,1001,0.6625,2525.425,5069227.6125,45.425,27.6125,[0]
201,[0],1001,21,1,100,80,255,21,1001,0.375,2540.15,5119883.9375,60.15,43.9375,[0]
202,[0],1001,21,1,100,80,255,21,1001,0.8875,2554.65,5170835.075,74.65,35.075,[0]
203,[0],1001,21,1,100,80,255,21,1001,0.4125,2566.025,5222042.7625,6.025,42.7625,[0]
204,[0],1001,21,1,100,80,255,21,1001,0.7375,2581.325,5273519.2375,21.325,79.2375,[0]
205,[0],1001,21,1,100,80,255,21,1001,0.9875,2594.1625,5325285.1125,34.1625,5.1125,[0]
206,[0],1001,21,1,100,80,255,21,1001,0.2625,2605.275,5377299.6625,45.275,19.6625,[0]
207,[0],1001,21,1,100,80,255,21,1001,1.1875,2619.2,5429531.1,59.2,11.1,[0]
208,[0],1001,21,1,100,80,255,21,1001,1.175,2631.3875,5482046.0,71.3875,46.0,[0]
209,[0],1001,21,1,100,80,255,21,1001,0.2625,2646.1125,5534829.9125,6.1125,29.9125,[0]
210,[0],1001,21,1,100,80,255,21,1001,0.6875,2660.125,5587898.95,20.125,58.95,[0]
211,[0],1001,21,1,100,80,255,21,1001,1.05,2674.35,5641236.1375,34.35,36.1375,[0]
212,[0],1001,21,1,100,80,255,21,1001,1.175,2686.425,5694854.9875,46.425,54.9875,[0]
213,[0],1001,21,1,100,80,255,21,1001,1.2375,2698.725,5748693.025,58.725,53.025,[0]
214,[0],1001,21,1,100,80,255,21,1001,0.7125,2712.9875,5802814.8625,72.9875,14.8625,[0]
215,[0],1001,21,1,100,80,255,21,1001,0.1,2725.675,5857212.325,5.675,12.325,[0]
216,[0],1001,21,1,100,80,255,21,1001,0.575,2736.875,5911842.975,16.875,2.975,[0]
217,[0],1001,21,1,100,80,255,21,1001,0.2875,2747.925,5966700.3875,27.925,60.3875,[0]
218,[0],1001,21,1,100,80,255,21,1001,0.9625,2761.8625,6021797.275,41.8625,37.275,[0]
219,[0],1001,21,1,100,80,255,21,1001,1.1375,2777.1875,6077193.625,57.1875,73.625,[0]
220,[0],1001,21,1,100,80,255,21,1001,0.325,2789.8875,6132872.075,69.8875,72.075,[0]
221,[0],1001,21,1,100,80,255,21,1001,0.4625,2800.1,6188768.0875,0.1,48.0875,[0]
222,[0],1001,21,1,100,80,255,21,1001,0.0625,2812.4125,6244898.65,12.4125,18.65,[0]
223,[0],1001,21,1,100,80,255,21,1001,1.1125,2826.2625,6301292.7875,26.2625,12.7875,[0]
224,[0],1001,21,1,100,80,255,21,1001,0.2125,2839.7875,6357966.0125,39.7875,46.0125,[0]
225,[0],1001,21,1,100,80,255,21,1001,0.9,2853.45,6414912.7125,53.45,32.7125,[0]
226,[0],1001,21,1,100,80,255,21,1001,1.225,2864.4625,6472088.1,64.4625,8.1,[0]
227,[0],1001,21,1,100,80,255,21,1001,1.2,2878.3875,6529511.0375,78.3875,71.0375,[0]
228,[0],1001,21,1,100,80,255,21,1001,0.9875,2894.475,6587246.225,14.475,46.225,[0]
229,[0],1001,21,1,100,80,255,21,1001,1.0875,2907.0,6645265.1625,27.0,65.1625,[0]
230,[0],1001,21,1,100,80,255,21,1001,0.5625,2917.8625,6703509.2125,37.8625,69.2125,[0]
231,[0],1001,21,1,100,80,255,21,1001,0.1625,2929.55,6761987.8125,49.55,67.8125,[0]
232,[0],1001,21,1,100,80,255,21,1001,0.975,2941.7,6820705.7125,61.7,65.7125,[0]
233,[0],1001,21,1,100,80,255,21,1001,0.4125,2954.2125,6879661.9625,74.2125,61.9625,[0]
234,[0],1001,21,1,100,80,255,21,1001,0.4625,2969.5,6938896.9625,9.5,16.9625,[0]
235,[0],1001,21,1,100,80,255,21,1001,0.9875,2983.1875,6998430.8625,23.1875,30.8625,[0]
236,[0],1001,21,1,100,80,255,21,1001,0.8,2997.2,7058227.025,37.2,67.025,[0]
237,[0],1001,21,1,100,80,255,21,1001,0.3625,3006.575,7118267.5,46.575,27.5,[0]
238,[0],1001,21,1,100,80,255,21,1001,0.7,3020.6375,7178533.75,60.6375,53.75,[0]
239,[0],1001,21,1,100,80,255,21,1001,0.6,3033.2375,7239075.3125,73.2375,35.3125,[0]
240,[0],1001,21,1,100,80,255,21,1001,0.7375,3046.725,7299876.2375,6.725,36.2375,[0]
241,[0],1001,21,1,100,80,255,21,1001,1.125,3058.325,7360921.425,18.325,41.425,[0]
242,[0],1001,21,1,100,80,255,21,1001,0.8125,3070.7625,7422199.3,30.7625,39.3,[0]
243,[0],1001,21,1,100,80,255,21,1001,0.2625,3083.9625,7483757.2875,43.9625,77.2875,[0]
244,[0],1001,21,1,100,80,255,21,1001,0.525,3096.4,7545567.15,56.4,47.15,[0]
245,[0],1001,21,1,100,80,255,21,1001,0.25,3108.5875,7607632.1375,68.5875,32.1375,[0]
246,[0],1001,21,1,100,80,255,21,1001,0.925,3123.4375,7669967.325,3.4375,47.325,[0]
247,[0],1001,21,1,100,80,255,21,1001,0.4375,3138.625,7732591.0125,18.625,31.0125,[0]
248,[0],1001,21,1,100,80,255,21,1001,0.65,3151.9,7795501.7,31.9,61.7,[0]
249,[0],1001,21,1,100,80,255,21,1001,0.475,3164.1,7858661.3,44.1,21.3,[0]
250,[0],1001,21,1,100,80,255,21,1001,0.875,3177.5125,7922079.025,57.5125,79.025,[0]
251,[0],1001,21,1,100,80,255,21,1001,0.3125,3189.8875,7985768.225,69.8875,8.225,[0]
252,[0],1001,21,1,100,80,255,21,1001,1.1,3198.25,8049641.1125,78.25,41.1125,[0]
253,[0],1001,21,1,100,80,255,21,1001,0.7125,3209.75,8113714.65,9.75,34.65,[0]
254,[0],1001,21,1,100,80,255,21,1001,1.15,3221.2875,8178008.025,21.2875,8.025,[0]
255,[0],1001,21,1,100,80,255,21,1001,0.8625,3235.45,8242580.7125,35.45,20.7125,[0]
256,[0],1001,21,1,100,80,255,21,1001,0.725,3250.85,8307456.9375,50.85,16.9375,[0]
257,[0],1001,21,1,100,80,255,21,1001,0.0125,3263.7,8372622.9,63.7,62.9,[0]
258,[0],1001,21,1,100,80,255,21,1001,1.1125,3276.0375,8438016.175,76.0375,16.175,[0]
259,[0],1001,21,1,100,80,255,21,1001,0.3125,3291.4125,8503693.8375,11.4125,13.8375,[0]
260,[0],1001,21,1,100,80,255,21,1001,0.95,3302.9625,8569635.05,22.9625,35.05,[0]
261,[0],1001,21,1,100,80,255,21,1001,0.15,3314.175,8635819.725,34.175,59.725,[0]
262,[0],1001,21,1,100,80,255,21,1001,0.5375,3325.8625,8702241.6,45.8625,1.6,[0]
263,[0],1001,21,1,100,80,255,21,1001,0.1625,3339.05,8768898.7125,59.05,18.7125,[0]
264,[0],1001,21,1,100,80,255,21,1001,0.625,3349.45,8835783.425,69.45,23.425,[0]
265,[0],1001,21,1,100,80,255,21,1001,0.3,3361.2,8902896.2125,1.2,16.2125,[0]
266,[0],1001,21,1,100,80,255,21,1001,0.8625,3376.25,8970284.125,16.25,44.125,[0]
267,[0],1001,21,1,100,80,255,21,1001,0.075,3386.8875,9037930.6625,26.8875,10.6625,[0]
268,[0],1001,21,1,100,80,255,21,1001,0.025,3399.7875,9105804.2875,39.7875,44.2875,[0]
269,[0],1001,21,1,100,80,255,21,1001,0.8375,3416.0,9173979.225,56.0,59.225,[0]
270,[0],1001,21,1,100,80,255,21,1001,0.275,3427.925,9242442.0625,67.925,42.0625,[0]
271,[0],1001,21,1,100,80,255,21,1001,0.8375,3440.0,9311130.325,0.0,10.325,[0]
272,[0],1001,21,1,100,80,255,21,1001,1.1,3452.775,9380062.85,12.775,62.85,[0]
273,[0],1001,21,1,100,80,255,21,1001,1.025,3463.925,9449224.0125,23.925,24.0125,[0]
274,[0],1001,21,1,100,80,255,21,1001,0.65,3478.55,9518645.7625,38.55,5.7625,[0]
275,[0],1001,21,1,100,80,255,21,1001,0.65,3490.85,9588352.3625,50.85,32.3625,[0]
276,[0],1001,21,1,100,80,255,21,1001,0.1125,3503.2875,9658294.45,63.2875,54.45,[0]
277,[0],1001,21,1,100,80,255,21,1001,1.025,3514.075,9728462.7625,74.075,62.7625,[0]
278,[0],1001,21,1,100,80,255,21,1001,0.9625,3526.275,9798876.875,6.275,76.875,[0]
279,[0],1001,21,1,100,80,255,21,1001,0.55,3541.5,9869569.05,21.5,49.05,[0]
280,[0],1001,21,1,100,80,255,21,1001,0.45,3553.7,9940529.95,33.7,49.95,[0]
281,[0],1001,21,1,100,80,255,21,1001,1.175,3566.4125,10011729.4125,46.4125,49.4125,[0]
282,[0],1001,21,1,100,80,255,21,1001,0.925,3576.625,10083159.5375,56.625,39.5375,[0]
283,[0],1001,21,1,100,80,255,21,1001,0.525,3586.2875,10154793.8875,66.2875,73.8875,[0]
284,[0],1001,21,1,100,80,255,21,1001,0.3375,3602.025,10226688.3125,2.025,48.3125,[0]
285,[0],1001,21,1,100,80,255,21,1001,1.025,3616.3125,10298881.0625,16.3125,1.0625,[0]
286,[0],1001,21,1,100,80,255,21,1001,0.6875,3631.025,10371358.0,31.025,78.0,[0]
287,[0],1001,21,1,100,80,255,21,1001,0.05,3644.3125,10444135.8125,44.3125,55.8125,[0]
288,[0],1001,21,1,100,80,255,21,1001,0.425,3656.2125,10517148.3625,56.2125,28.3625,[0]
289,[0],1001,21,1,100,80,255,21,1001,1.0125,3669.1,10590399.5375,69.1,79.5375,[0]
290,[0],1001,21,1,100,80,255,21,1001,0.675,3681.025,10663908.6875,1.025,68.6875,[0]
291,[0],1001,21,1,100,80,255,21,1001,0.9375,3695.675,10737675.4875,15.675,75.4875,[0]
292,[0],1001,21,1,100,80,255,21,1001,1.1875,3708.7875,10811725.1125,28.7875,45.1125,[0]
293,[0],1001,21,1,100,80,255,21,1001,0.9125,3717.5875,10885972.6,37.5875,52.6,[0]
294,[0],1001,21,1,100,80,255,21,1001,1.0375,3731.7375,10960478.2125,51.7375,78.2125,[0]
295,[0],1001,21,1,100,80,255,21,1001,0.15,3746.1125,11035252.825,66.1125,52.825,[0]
296,[0],1001,21,1,100,80,255,21,1001,0.525,3759.25,11110329.075,79.25,9.075,[0]
297,[0],1001,21,1,100,80,255,21,1001,0.925,3770.775,11185627.0875,10.775,27.0875,[0]
298,[0],1001,21,1,100,80,255,21,1001,1.1875,3785.9875,11261213.9875,25.9875,13.9875,[0]
299,[0],1001,21,1,100,80,255,21,1001,0.1625,3796.675,11337073.125,36.675,33.125,[0]
300,[0],1001,21,1,100,80,255,21,1001,0.325,3809.9,11413160.0875,49.9,40.0875,[0]
301,[0],1001,21,1,100,80,255,21,1001,1.075,3820.6625,11489460.175,60.6625,20.175,[0]
302,[0],1001,21,1,100,80,255,21,1001,0.575,3833.025,11566010.7125,73.025,10.7125,[0]
303,[0],1001,21,1,100,80,255,21,1001,0.9375,3843.7125,11642788.175,3.7125,68.175,[0]
304,[0],1001,21,1,100,80,255,21,1001,1.15,3855.3875,11719792.025,15.3875,32.025,[0]
305,[0],1001,21,1,100,80,255,21,1001,1.075,3868.625,11797026.725,28.625,66.725,[0]
306,[0],1001,21,1,100,80,255,21,1001,0.95,3882.1,11874540.4375,42.1,60.4375,[0]
307,[0],1001,21,1,100,80,255,21,1001,1.0375,3897.6875,11952343.7875,57.6875,23.7875,[0]
308,[0],1001,21,1,100,80,255,21,1001,0.75,3909.6375,12030425.1125,69.6375,25.1125,[0]
309,[0],1001,21,1,100,80,255,21,1001,1.0625,3921.975,12108738.0375,1.975,18.0375,[0]
310,[0],1001,21,1,100,80,255,21,1001,0.725,3934.65,12187312.0875,14.65,32.0875,[0]
311,[0],1001,21,1,100,80,255,21,1001,1.0375,3943.7625,12266096.5375,23.7625,16.5375,[0]
312,[0],1001,21,1,100,80,255,21,1001,1.1875,3956.775,12345103.975,36.775,63.975,[0]
313,[0],1001,21,1,100,80,255,21,1001,0.4875,3969.7375,12424375.7375,49.7375,55.7375,[0]
314,[0],1001,21,1,100,80,255,21,1001,0.8875,3980.0875,12503884.7125,60.0875,44.7125,[0]
315,[0],1001,21,1,100,80,255,21,1001,1.225,3997.6375,12583662.0,77.6375,62.0,[0]
316,[0],1001,21,1,100,80,255,21,1001,0.3,4009.4125,12663748.475,9.4125,68.475,[0]
317,[0],1001,21,1,100,80,255,21,1001,1.0875,4023.9125,12744087.2875,23.9125,7.2875,[0]
318,[0],1001,21,1,100,80,255,21,1001,0.125,4037.475,12824724.525,37.475,4.525,[0]
319,[0],1001,21,1,100,80,255,21,1001,0.85,4047.4,12905589.8375,47.4,69.8375,[0]
320,[0],1001,21,1,100,80,255,21,1001,0.9,4060.0375,12986685.075,60.0375,45.075,[0]
321,[0],1001,21,1,100,80,255,21,1001,1.2375,4073.5625,13068013.4875,73.5625,13.4875,[0]
322,[0],1001,21,1,100,80,255,21,1001,0.275,4086.8625,13149634.925,6.8625,34.925,[0]
323,[0],1001,21,1,100,80,255,21,1001,0.3125,4096.375,13231470.0625,16.375,30.0625,[0]
324,[0],1001,21,1,100,80,255,21,1001,0.7125,4108.8875,13313533.8,28.8875,13.8,[0]
325,[0],1001,21,1,100,80,255,21,1001,0.9875,4121.8375,13395845.3375,41.8375,5.3375,[0]
326,[0],1001,21,1,100,80,255,21,1001,1.0375,4135.4,13478434.2125,55.4,34.2125,[0]
327,[0],1001,21,1,100,80,255,21,1001,0.1375,4147.3125,13561267.4625,67.3125,67.4625,[0]
328,[0],1001,21,1,100,80,255,21,1001,0.975,4158.3625,13644315.5375,78.3625,75.5375,[0]
329,[0],1001,21,1,100,80,255,21,1001,0.5875,4171.4,13727635.85,11.4,35.85,[0]
330,[0],1001,21,1,100,80,255,21,1001,1.1875,4180.2375,13811138.2625,20.2375,18.2625,[0]
331,[0],1001,21,1,100,80,255,21,1001,0.0375,4191.4375,13894864.325,31.4375,64.325,[0]
332,[0],1001,21,1,100,80,255,21,1001,0.325,4205.975,13978851.85,45.975,51.85,[0]
333,[0],1001,21,1,100,80,255,21,1001,1.1,4218.3875,14063103.9375,58.3875,63.9375,[0]
334,[0],1001,21,1,100,80,255,21,1001,0.875,4229.15,14147578.9625,69.15,58.9625,[0]
335,[0],1001,21,1,100,80,255,21,1001,0.4375,4242.2125,14232292.7375,2.2125,52.7375,[0]
336,[0],1001,21,1,100,80,255,21,1001,0.0875,4254.6625,14317258.8875,14.6625,58.8875,[0]
337,[0],1001,21,1,100,80,255,21,1001,0.325,4268.4875,14402494.9125,28.4875,14.9125,[0]
338,[0],1001,21,1,100,80,255,21,1001,0.175,4280.325,14487991.475,40.325,71.475,[0]
339,[0],1001,21,1,100,80,255,21,1001,0.975,4291.9,14573728.7,51.9,48.7,[0]
340,[0],1001,21,1,100,80,255,21,1001,0.475,4302.4625,14659662.9875,62.4625,62.9875,[0]
341,[0],1001,21,1,100,80,255,21,1001,0.3625,4316.5125,14745878.2875,76.5125,38.2875,[0]
342,[0],1001,21,1,100,80,255,21,1001,0.7625,4330.0,14832352.3625,10.0,32.3625,[0]
343,[0],1001,21,1,100,80,255,21,1001,0.425,4346.0875,14919124.15,26.0875,4.15,[0]
344,[0],1001,21,1,100,80,255,21,1001,0.3,4360.225,15006203.5125,40.225,43.5125,[0]
345,[0],1001,21,1,100,80,255,21,1001,0.2875,4372.0375,15093532.925,52.0375,12.925,[0]
346,[0],1001,21,1,100,80,255,21,1001,0.55,4386.6125,15181141.7875,66.6125,21.7875,[0]
347,[0],1001,21,1,100,80,255,21,1001,0.725,4397.5125,15268986.7375,77.5125,26.7375,[0]
348,[0],1001,21,1,100,80,255,21,1001,0.075,4411.675,15357086.075,11.675,46.075,[0]
349,[0],1001,21,1,100,80,255,21,1001,0.5,4424.725,15445461.4875,24.725,21.4875,[0]
350,[0],1001,21,1,100,80,255,21,1001,1.025,4438.3125,15534081.025,38.3125,1.025,[0]
351,[0],1001,21,1,100,80,255,21,1001,0.9125,4450.25,15622960.5125,50.25,0.5125,[0]
352,[0],1001,21,1,100,80,255,21,1001,0.2875,4462.2875,15712090.2,62.2875,10.2,[0]
353,[0],1001,21,1,100,80,255,21,1001,1.1625,4474.975,15801455.575,74.975,15.575,[0]
354,[0],1001,21,1,100,80,255,21,1001,0.9875,4487.6625,15891084.375,7.6625,44.375,[0]
355,[0],1001,21,1,100,80,255,21,1001,0.425,4500.3,15980997.3375,20.3,37.3375,[0]
356,[0],1001,21,1,100,80,255,21,1001,0.6125,4513.6625,16071158.275,33.6625,38.275,[0]
357,[0],1001,21,1,100,80,255,21,1001,0.95,4526.8125,16161562.575,46.8125,42.575,[0]
358,[0],1001,21,1,100,80,255,21,1001,0.2,4541.25,16252259.1375,61.25,19.1375,[0]
359,[0],1001,21,1,100,80,255,21,1001,0.2625,4552.425,16343212.85,72.425,12.85,[0]
360,[0],1001,21,1,100,80,255,21,1001,0.4625,4563.5875,16434376.0875,3.5875,56.0875,[0]
361,[0],1001,21,1,100,80,255,21,1001,0.5625,4574.95,16525763.9125,14.95,3.9125,[0]
362,[0],1001,21,1,100,80,255,21,1001,0.15,4585.4875,16617374.375,25.4875,14.375,[0]
363,[0],1001,21,1,100,80,255,21,1001,0.6625,4598.6875,16709205.575,38.6875,5.575,[0]
364,[0],1001,21,1,100,80,255,21,1001,1.1625,4611.8875,16801306.875,51.8875,26.875,[0]
365,[0],1001,21,1,100,80,255,21,1001,0.1875,4622.2625,16893656.7375,62.2625,56.7375,[0]
366,[0],1001,21,1,100,80,255,21,1001,0.7,4637.475,16986248.65,77.475,8.65,[0]
367,[0],1001,21,1,100,80,255,21,1001,0.1375,4648.8,17079118.5125,8.8,78.5125,[0]
368,[0],1001,21,1,100,80,255,21,1001,0.9875,4661.9375,17172217.4625,21.9375,57.4625,[0]
369,[0],1001,21,1,100,80,255,21,1001,0.725,4672.0875,17265567.3375,32.0875,47.3375,[0]
370,[0],1001,21,1,100,80,255,21,1001,0.2875,4683.25,17359124.075,43.25,4.075,[0]
371,[0],1001,21,1,100,80,255,21,1001,0.7,4695.9625,17452907.1625,55.9625,27.1625,[0]
372,[0],1001,21,1,100,80,255,21,1001,0.8625,4709.5875,17546953.525,69.5875,73.525,[0]
373,[0],1001,21,1,100,80,255,21,1001,0.7,4721.6625,17641271.6,1.6625,71.6,[0]
374,[0],1001,21,1,100,80,255,21,1001,0.2,4734.3625,17735841.675,14.3625,1.675,[0]
375,[0],1001,21,1,100,80,255,21,1001,0.3625,4746.5125,17830658.3625,26.5125,18.3625,[0]
376,[0],1001,21,1,100,80,255,21,1001,0.9125,4759.1125,17925720.525,39.1125,40.525,[0]
377,[0],1001,21,1,100,80,255,21,1001,1.1875,4771.975,18021031.9875,51.975,71.9875,[0]
378,[0],1001,21,1,100,80,255,21,1001,0.2875,4784.225,18116615.8125,64.225,55.8125,[0]
379,[0],1001,21,1,100,80,255,21,1001,1.025,4793.625,18212395.5875,73.625,75.5875,[0]
380,[0],1001,21,1,100,80,255,21,1001,0.35,4805.7125,18308395.4625,5.7125,75.4625,[0]
381,[0],1001,21,1,100,80,255,21,1001,0.0875,4817.55,18404646.9625,17.55,6.9625,[0]
382,[0],1001,21,1,100,80,255,21,1001,0.325,4829.8625,18501125.2625,29.8625,5.2625,[0]
383,[0],1001,21,1,100,80,255,21,1001,0.8125,4843.3375,18597851.075,43.3375,11.075,[0]
384,[0],1001,21,1,100,80,255,21,1001,1.0125,4857.2,18694851.0625,57.2,51.0625,[0]
385,[0],1001,21,1,100,80,255,21,1001,0.075,4868.125,18792103.1375,68.125,23.1375,[0]
386,[0],1001,21,1,100,80,255,21,1001,0.45,4879.7125,18889585.0625,79.7125,65.0625,[0]
387,[0],1001,21,1,100,80,255,21,1001,0.625,4894.175,18987339.175,14.175,59.175,[0]
388,[0],1001,21,1,100,80,255,21,1001,1.1,4911.0375,19085400.35,31.0375,40.35,[0]
389,[0],1001,21,1,100,80,255,21,1001,0.175,4919.975,19183732.7,39.975,52.7,[0]
390,[0],1001,21,1,100,80,255,21,1001,0.5375,4932.625,19282260.275,52.625,20.275,[0]
391,[0],1001,21,1,100,80,255,21,1001,0.425,4943.675,19381028.525,63.675,68.525,[0]
392,[0],1001,21,1,100,80,255,21,1001,1.2375,4958.55,19480057.0,78.55,57.0,[0]
393,[0],1001,21,1,100,80,255,21,1001,0.7875,4972.0375,19579352.3625,12.0375,72.3625,[0]
394,[0],1001,21,1,100,80,255,21,1001,0.4625,4985.9,19678945.7375,25.9,65.7375,[0]
395,[0],1001,21,1,100,80,255,21,1001,0.8375,4997.6875,19778769.2,37.6875,49.2,[0]
396,[0],1001,21,1,100,80,255,21,1001,0.5875,5008.9875,19878839.3125,48.9875,39.3125,[0]
397,[0],1001,21,1,100,80,255,21,1001,1.225,5020.7625,19979130.775,60.7625,10.775,[0]
398,[0],1001,21,1,100,80,255,21,1001,0.7625,5034.6,20079697.575,74.6,17.575,[0]
399,[0],1001,21,1,100,80,255,21,1001,0.9625,5050.3125,20180552.75,10.3125,72.75,[0]
400,[0],1001,21,1,100,80,255,21,1001,1.0625,5062.0375,20281678.075,22.0375,78.075,[0]
401,[0],1001,21,1,100,80,255,21,1001,0.3125,5073.925,20383045.9125,33.925,5.9125,[0]
402,[0],1001,21,1,100,80,255,21,1001,0.9125,5089.075,20484681.9875,49.075,41.9875,[0]
403,[0],1001,21,1,100,80,255,21,1001,0.95,5102.325,20586594.8125,62.325,34.8125,[0]
404,[0],1001,21,1,100,80,255,21,1001,0.0625,5113.2,20688754.8375,73.2,34.8375,[0]
405,[0],1001,21,1,100,80,255,21,1001,1.125,5126.45,20791167.8125,6.45,47.8125,[0]
406,[0],1001,21,1,100,80,255,21,1001,1.2,5139.9375,20893840.6625,19.9375,0.6625,[0]
407,[0],1001,21,1,100,80,255,21,1001,1.175,5152.9,20996760.7125,32.9,40.7125,[0]
408,[0],1001,21,1,100,80,255,21,1001,1.225,5165.275,21099943.75,45.275,23.75,[0]
409,[0],1001,21,1,100,80,255,21,1001,0.6875,5178.9875,21203385.75,58.9875,25.75,[0]
410,[0],1001,21,1,100,80,255,21,1001,0.7,5193.475,21307112.5375,73.475,72.5375,[0]
411,[0],1001,21,1,100,80,255,21,1001,1.2125,5206.55,21411124.0625,6.55,4.0625,[0]
412,[0],1001,21,1,100,80,255,21,1001,0.225,5218.4625,21515400.65,18.4625,40.65,[0]
413,[0],1001,21,1,100,80,255,21,1001,0.8375,5234.7,21619934.35,34.7,14.35,[0]
414,[0],1001,21,1,100,80,255,21,1001,0.5125,5244.25,21724722.7875,44.25,2.7875,[0]
415,[0],1001,21,1,100,80,255,21,1001,0.55,5255.4,21829721.1375,55.4,41.1375,[0]
416,[0],1001,21,1,100,80,255,21,1001,0.8875,5266.25,21934930.9,66.25,50.9,[0]
417,[0],1001,21,1,100,80,255,21,1001,1.0375,5281.775,22040406.3375,1.775,6.3375,[0]
418,[0],1001,21,1,100,80,255,21,1001,0.775,5294.9875,22146187.625,14.9875,27.625,[0]
419,[0],1001,21,1,100,80,255,21,1001,0.25,5308.275,22252225.4625,28.275,65.4625,[0]
420,[0],1001,21,1,100,80,255,21,1001,0.7125,5324.4125,22358563.9,44.4125,3.9,[0]
421,[0],1001,21,1,100,80,255,21,1001,0.7875,5335.575,22465158.525,55.575,38.525,[0]
422,[0],1001,21,1,100,80,255,21,1001,1.2125,5349.4,22572002.25,69.4,2.25,[0]
423,[0],1001,21,1,100,80,255,21,1001,0.95,5361.55,22679111.65,1.55,71.65,[0]
424,[0],1001,21,1,100,80,255,21,1001,0.3625,5370.775,22786436.225,10.775,36.225,[0]
425,[0],1001,21,1,100,80,255,21,1001,0.55,5384.1625,22893984.5,24.1625,64.5,[0]
426,[0],1001,21,1,100,80,255,21,1001,0.625,5395.6875,23001790.6125,35.6875,30.6125,[0]
427,[0],1001,21,1,100,80,255,21,1001,0.225,5407.4875,23109832.8125,47.4875,72.8125,[0]
428,[0],1001,21,1,100,80,255,21,1001,0.15,5420.05,23218127.15,60.05,47.15,[0]
429,[0],1001,21,1,100,80,255,21,1001,0.825,5431.625,23326647.5125,71.625,7.5125,[0]
430,[0],1001,21,1,100,80,255,21,1001,0.6,5440.5125,23435374.825,0.5125,14.825,[0]
431,[0],1001,21,1,100,80,255,21,1001,0.125,5453.1125,23544337.2875,13.1125,17.2875,[0]
432,[0],1001,21,1,100,80,255,21,1001,1.125,5466.9,23653547.4625,26.9,27.4625,[0]
433,[0],1001,21,1,100,80,255,21,1001,1.125,5476.85,23762975.475,36.85,15.475,[0]
434,[0],1001,21,1,100,80,255,21,1001,0.1125,5490.075,23872650.025,50.075,10.025,[0]
435,[0],1001,21,1,100,80,255,21,1001,0.325,5504.175,23982597.45,64.175,37.45,[0]
436,[0],1001,21,1,100,80,255,21,1001,0.3,5515.3875,24092794.875,75.3875,74.875,[0]
437,[0],1001,21,1,100,80,255,21,1001,1.2,5528.15,24203234.8375,8.15,34.8375,[0]
438,[0],1001,21,1,100,80,255,21,1001,0.525,5540.75,24313925.025,20.75,5.025,[0]
439,[0],1001,21,1,100,80,255,21,1001,0.1625,5552.9,24424875.075,32.9,75.075,[0]
440,[0],1001,21,1,100,80,255,21,1001,1.2,5566.825,24536086.4625,46.825,6.4625,[0]
441,[0],1001,21,1,100,80,255,21,1001,0.875,5578.2875,24647527.775,58.2875,7.775,[0]
442,[0],1001,21,1,100,80,255,21,1001,0.2,5588.1125,24759201.3125,68.1125,1.3125,[0]
443,[0],1001,21,1,100,80,255,21,1001,0.475,5600.6125,24871093.2,0.6125,53.2,[0]
444,[0],1001,21,1,100,80,255,21,1001,0.65,5612.275,24983202.6,12.275,2.6,[0]
445,[0],1001,21,1,100,80,255,21,1001,0.4875,5625.75,25095606.6375,25.75,6.6375,[0]
446,[0],1001,21,1,100,80,255,21,1001,0.175,5637.8625,25208249.55,37.8625,9.55,[0]
447,[0],1001,21,1,100,80,255,21,1001,1.2375,5649.825,25321116.825,49.825,76.825,[0]
448,[0],1001,21,1,100,80,255,21,1001,0.575,5661.075,25434241.775,61.075,1.775,[0]
449,[0],1001,21,1,100,80,255,21,1001,0.5625,5673.125,25547584.125,73.125,64.125,[0]
450,[0],1001,21,1,100,80,255,21,1001,0.725,5687.2,25661191.9625,7.2,71.9625,[0]
451,[0],1001,21,1,100,80,255,21,1001,0.725,5699.6625,25775062.6625,19.6625,22.6625,[0]
452,[0],1001,21,1,100,80,255,21,1001,0.2875,5712.5625,25889188.3625,32.5625,68.3625,[0]
453,[0],1001,21,1,100,80,255,21,1001,0.325,5724.5375,26003572.0375,44.5375,52.0375,[0]
454,[0],1001,21,1,100,80,255,21,1001,0.9375,5735.2875,26118170.525,55.2875,10.525,[0]
455,[0],1001,21,1,100,80,255,21,1001,1.025,5750.075,26233046.8,70.075,6.8,[0]
456,[0],1001,21,1,100,80,255,21,1001,0.7875,5763.3875,26348177.125,3.3875,17.125,[0]
457,[0],1001,21,1,100,80,255,21,1001,1.175,5776.725,26463587.5,16.725,67.5,[0]
458,[0],1001,21,1,100,80,255,21,1001,0.275,5789.925,26579245.3125,29.925,45.3125,[0]
459,[0],1001,21,1,100,80,255,21,1001,0.775,5799.9375,26695136.15,39.9375,16.15,[0]
460,[0],1001,21,1,100,80,255,21,1001,0.4625,5812.5875,26811274.025,52.5875,74.025,[0]
461,[0],1001,21,1,100,80,255,21,1001,0.65,5824.3125,26927631.3625,64.3125,31.3625,[0]
462,[0],1001,21,1,100,80,255,21,1001,0.85,5833.9,27044210.6,73.9,50.6,[0]
463,[0],1001,21,1,100,80,255,21,1001,0.5375,5847.0375,27161021.525,7.0375,61.525,[0]
464,[0],1001,21,1,100,80,255,21,1001,1.2125,5862.875,27278125.0125,22.875,45.0125,[0]
465,[0],1001,21,1,100,80,255,21,1001,0.5875,5875.025,27395506.0,35.025,66.0,[0]
466,[0],1001,21,1,100,80,255,21,1001,0.9875,5888.9375,27513156.1375,48.9375,36.1375,[0]
467,[0],1001,21,1,100,80,255,21,1001,0.15,5902.3375,27631083.0625,62.3375,43.0625,[0]
468,[0],1001,21,1,100,80,255,21,1001,0.3375,5914.5375,27749257.15,74.5375,57.15,[0]
469,[0],1001,21,1,100,80,255,21,1001,0.8375,5924.975,27867658.125,4.975,58.125,[0]
470,[0],1001,21,1,100,80,255,21,1001,0.575,5937.55,27986282.0,17.55,42.0,[0]
471,[0],1001,21,1,100,80,255,21,1001,0.65,5948.725,28105139.7,28.725,19.7,[0]
472,[0],1001,21,1,100,80,255,21,1001,0.2625,5960.85,28224245.8375,40.85,5.8375,[0]
473,[0],1001,21,1,100,80,255,21,1001,1.05,5974.825,28343610.675,54.825,10.675,[0]
474,[0],1001,21,1,100,80,255,21,1001,0.6875,5987.85,28463246.975,67.85,46.975,[0]
475,[0],1001,21,1,100,80,255,21,1001,0.5875,6000.25,28583125.875,0.25,5.875,[0]
476,[0],1001,21,1,100,80,255,21,1001,0.4125,6014.5,28703284.75,14.5,4.75,[0]
477,[0],1001,21,1,100,80,255,21,1001,1.1125,6026.075,28823702.725,26.075,22.725,[0]
478,[0],1001,21,1,100,80,255,21,1001,1.025,6035.7125,28944335.025,35.7125,15.025,[0]
479,[0],1001,21,1,100,80,255,21,1001,0.675,6050.05,29065198.05,50.05,78.05,[0]
480,[0],1001,21,1,100,80,255,21,1001,0.2375,6062.7375,29186357.0,62.7375,37.0,[0]
481,[0],1001,21,1,100,80,255,21,1001,0.6625,6076.725,29307751.325,76.725,71.325,[0]
482,[0],1001,21,1,100,80,255,21,1001,1.1875,6089.1625,29429411.4125,9.1625,51.4125,[0]
483,[0],1001,21,1,100,80,255,21,1001,0.9,6105.1125,29551360.9375,25.1125,0.9375,[0]
484,[0],1001,21,1,100,80,255,21,1001,0.25,6119.425,29673621.375,39.425,21.375,[0]
485,[0],1001,21,1,100,80,255,21,1001,0.9375,6131.675,29796142.0375,51.675,62.0375,[0]
486,[0],1001,21,1,100,80,255,21,1001,0.025,6143.8125,29918894.0,63.8125,14.0,[0]
487,[0],1001,21,1,100,80,255,21,1001,0.925,6155.625,30041908.1875,75.625,68.1875,[0]
488,[0],1001,21,1,100,80,255,21,1001,0.15,6165.775,30165137.8875,5.775,17.8875,[0]
489,[0],1001,21,1,100,80,255,21,1001,0.3625,6178.7375,30288595.6125,18.7375,35.6125,[0]
490,[0],1001,21,1,100,80,255,21,1001,1.1625,6191.7375,30412302.8875,31.7375,62.8875,[0]
491,[0],1001,21,1,100,80,255,21,1001,0.325,6203.0875,30536272.2125,43.0875,32.2125,[0]
492,[0],1001,21,1,100,80,255,21,1001,0.7875,6215.1625,30660443.3125,55.1625,43.3125,[0]
493,[0],1001,21,1,100,80,255,21,1001,0.25,6227.15,30784884.9375,67.15,4.9375,[0]
494,[0],1001,21,1,100,80,255,21,1001,0.45,6238.725,30909559.8,78.725,39.8,[0]
495,[0],1001,21,1,100,80,255,21,1001,0.4375,6250.6625,31034444.9,10.6625,44.9,[0]
496,[0],1001,21,1,100,80,255,21,1001,0.1375,6263.8125,31159589.75,23.8125,69.75,[0]
497,[0],1001,21,1,100,80,255,21,1001,0.2875,6274.3,31284985.2125,34.3,25.2125,[0]
498,[0],1001,21,1,100,80,255,21,1001,0.525,6286.0375,31410590.2125,46.0375,30.2125,[0]
499,[0],1001,21,1,100,80,255,21,1001,0.3,6301.5125,31536478.5375,61.5125,78.5375,[0]
500,[0],1001,21,1,100,80,255,21,1001,1.0125,6312.9125,31662636.4,72.9125,76.4,[0]
501,[0],1001,21,1,100,80,255,21,1001,0.9625,6325.8,31789021.55,5.8,61.55,[0]
502,[0],1001,21,1,100,80,255,21,1001,0.325,6339.7125,31915687.1875,19.7125,7.1875,[0]
503,[0],1001,21,1,100,80,255,21,1001,0.0375,6353.45,32042632.3125,33.45,72.3125,[0]
504,[0],1001,21,1,100,80,255,21,1001,0.2875,6367.575,32169845.975,47.575,5.975,[0]
505,[0],1001,21,1,100,80,255,21,1001,0.5125,6381.8875,32297341.375,61.8875,61.375,[0]
506,[0],1001,21,1,100,80,255,21,1001,1.025,6393.9,32425099.55,73.9,59.55,[0]
507,[0],1001,21,1,100,80,255,21,1001,0.3125,6404.8875,32553094.8875,4.8875,54.8875,[0]
508,[0],1001,21,1,100,80,255,21,1001,0.35,6417.675,32681332.55,17.675,52.55,[0]
509,[0],1001,21,1,100,80,255,21,1001,0.775,6430.25,32809816.7,30.25,56.7,[0]
510,[0],1001,21,1,100,80,255,21,1001,0.875,6441.825,32938532.6,41.825,52.6,[0]
511,[0],1001,21,1,100,80,255,21,1001,0.45,6452.9125,33067499.2,52.9125,59.2,[0]
512,[0],1001,21,1,100,80,255,21,1001,0.25,6466.0625,33196705.575,66.0625,65.575,[0]
513,[0],1001,21,1,100,80,255,21,1001,0.4375,6478.35,33326163.8,78.35,3.8,[0]
514,[0],1001,21,1,100,80,255,21,1001,1.2,6491.1125,33455863.8375,11.1125,23.8375,[0]
515,[0],1001,21,1,100,80,255,21,1001,0.8125,6504.175,33585836.3,24.175,76.3,[0]
516,[0],1001,21,1,100,80,255,21,1001,0.875,6519.8625,33716092.25,39.8625,12.25,[0]
517,[0],1001,21,1,100,80,255,21,1001,0.875,6533.1875,33846630.1375,53.1875,70.1375,[0]
518,[0],1001,21,1,100,80,255,21,1001,0.9,6548.725,33977447.925,68.725,7.925,[0]
519,[0],1001,21,1,100,80,255,21,1001,0.1375,6560.45,34108564.2375,0.45,4.2375,[0]
520,[0],1001,21,1,100,80,255,21,1001,0.3625,6570.175,34239876.3625,10.175,36.3625,[0]
521,[0],1001,21,1,100,80,255,21,1001,0.95,6583.2875,34371426.05,23.2875,66.05,[0]
522,[0],1001,21,1,100,80,255,21,1001,0.65,6599.2,34503268.375,39.2,68.375,[0]
523,[0],1001,21,1,100,80,255,21,1001,1.1125,6612.1375,34635394.85,52.1375,34.85,[0]
524,[0],1001,21,1,100,80,255,21,1001,1.0,6623.8125,34767759.0625,63.8125,79.0625,[0]
525,[0],1001,21,1,100,80,255,21,1001,1.2125,6637.55,34900373.2375,77.55,53.2375,[0]
526,[0],1001,21,1,100,80,255,21,1001,0.8375,6651.7,35033279.05,11.7,79.05,[0]
527,[0],1001,21,1,100,80,255,21,1001,0.2875,6663.3875,35166444.125,23.3875,44.125,[0]
528,[0],1001,21,1,100,80,255,21,1001,0.6,6674.9375,35299819.4125,34.9375,59.4125,[0]
529,[0],1001,21,1,100,80,255,21,1001,0.2625,6686.475,35433443.1875,46.475,3.1875,[0]
530,[0],1001,21,1,100,80,255,21,1001,1.05,6699.275,35567301.5375,59.275,21.5375,[0]
531,[0],1001,21,1,100,80,255,21,1001,0.275,6708.8875,35701373.0875,68.8875,13.0875,[0]
532,[0],1001,21,1,100,80,255,21,1001,0.325,6721.3125,35835699.525,1.3125,19.525,[0]
533,[0],1001,21,1,100,80,255,21,1001,0.0375,6731.2875,35970238.3875,11.2875,78.3875,[0]
534,[0],1001,21,1,100,80,255,21,1001,1.1125,6746.325,36105015.5625,26.325,55.5625,[0]
535,[0],1001,21,1,100,80,255,21,1001,0.575,6759.3125,36240090.3375,39.3125,10.3375,[0]
536,[0],1001,21,1,100,80,255,21,1001,1.175,6771.1125,36375386.4375,51.1125,26.4375,[0]
537,[0],1001,21,1,100,80,255,21,1001,1.0625,6782.25,36510915.7875,62.25,35.7875,[0]
538,[0],1001,21,1,100,80,255,21,1001,0.3875,6794.0625,36646686.95,74.0625,46.95,[0]
539,[0],1001,21,1,100,80,255,21,1001,1.025,6807.8375,36782689.7,7.8375,49.7,[0]
540,[0],1001,21,1,100,80,255,21,1001,0.4875,6821.2875,36919002.025,21.2875,42.025,[0]
541,[0],1001,21,1,100,80,255,21,1001,0.125,6835.1625,37055569.4625,35.1625,49.4625,[0]
542,[0],1001,21,1,100,80,255,21,1001,0.9875,6847.625,37192402.7125,47.625,2.7125,[0]
543,[0],1001,21,1,100,80,255,21,1001,0.1625,6858.6375,37329473.1375,58.6375,33.1375,[0]
544,[0],1001,21,1,100,80,255,21,1001,0.6625,6870.875,37466771.3875,70.875,51.3875,[0]
545,[0],1001,21,1,100,80,255,21,1001,0.4625,6882.5,37604311.425,2.5,71.425,[0]
546,[0],1001,21,1,100,80,255,21,1001,0.7125,6896.225,37742106.475,16.225,26.475,[0]
547,[0],1001,21,1,100,80,255,21,1001,0.4,6910.125,37880181.75,30.125,21.75,[0]
548,[0],1001,21,1,100,80,255,21,1001,1.2375,6924.3,38018542.675,44.3,62.675,[0]
549,[0],1001,21,1,100,80,255,21,1001,0.3125,6938.25,38157174.575,58.25,54.575,[0]
550,[0],1001,21,1,100,80,255,21,1001,1.075,6951.35,38296075.225,71.35,75.225,[0]
551,[0],1001,21,1,100,80,255,21,1001,0.6875,6962.4625,38435218.8875,2.4625,18.8875,[0]
552,[0],1001,21,1,100,80,255,21,1001,1.125,6975.95,38574603.5875,15.95,43.5875,[0]
553,[0],1001,21,1,100,80,255,21,1001,0.9625,6986.25,38714241.7,26.25,1.7,[0]
554,[0],1001,21,1,100,80,255,21,1001,0.625,6997.6625,38854086.225,37.6625,6.225,[0]
555,[0],1001,21,1,100,80,255,21,1001,0.8125,7009.075,38994155.975,49.075,75.975,[0]
556,[0],1001,21,1,100,80,255,21,1001,0.4625,7020.7625,39134451.8875,60.7625,51.8875,[0]
557,[0],1001,21,1,100,80,255,21,1001,0.1375,7034.7875,39275020.0875,74.7875,60.0875,[0]
558,[0],1001,21,1,100,80,255,21,1001,0.2375,7048.5625,39415874.8125,8.5625,34.8125,[0]
559,[0],1001,21,1,100,80,255,21,1001,0.45,7060.3375,39556979.7625,20.3375,19.7625,[0]
560,[0],1001,21,1,100,80,255,21,1001,0.475,7071.4125,39698303.8125,31.4125,63.8125,[0]
561,[0],1001,21,1,100,80,255,21,1001,0.4375,7082.7625,39839867.2625,42.7625,27.2625,[0]
562,[0],1001,21,1,100,80,255,21,1001,1.175,7095.075,39981652.125,55.075,52.125,[0]
563,[0],1001,21,1,100,80,255,21,1001,0.75,7106.3375,40123669.1125,66.3375,69.1125,[0]
564,[0],1001,21,1,100,80,255,21,1001,0.5375,7117.6375,40265921.2,77.6375,1.2,[0]
565,[0],1001,21,1,100,80,255,21,1001,0.1625,7129.5125,40408406.7125,9.5125,6.7125,[0]
566,[0],1001,21,1,100,80,255,21,1001,1.05,7138.8375,40551091.7375,18.8375,51.7375,[0]
567,[0],1001,21,1,100,80,255,21,1001,1.0875,7151.4625,40693996.9625,31.4625,76.9625,[0]
568,[0],1001,21,1,100,80,255,21,1001,0.8375,7165.875,40837188.8,45.875,68.8,[0]
569,[0],1001,21,1,100,80,255,21,1001,0.225,7178.775,40980643.75,58.775,3.75,[0]
570,[0],1001,21,1,100,80,255,21,1001,0.8875,7192.075,41124367.25,72.075,47.25,[0]
571,[0],1001,21,1,100,80,255,21,1001,1.2125,7205.0125,41268339.5375,5.0125,19.5375,[0]
572,[0],1001,21,1,100,80,255,21,1001,0.775,7216.975,41412549.2625,16.975,69.2625,[0]
573,[0],1001,21,1,100,80,255,21,1001,0.1875,7227.7625,41557008.375,27.7625,48.375,[0]
574,[0],1001,21,1,100,80,255,21,1001,0.5625,7241.325,41701705.4625,41.325,25.4625,[0]
575,[0],1001,21,1,100,80,255,21,1001,0.3,7255.1125,41846687.45,55.1125,47.45,[0]
576,[0],1001,21,1,100,80,255,21,1001,0.1,7268.4125,41991935.5,68.4125,15.5,[0]
577,[0],1001,21,1,100,80,255,21,1001,0.975,7280.8875,42137434.8375,0.8875,74.8375,[0]
578,[0],1001,21,1,100,80,255,21,1001,0.1375,7289.175,42283144.425,9.175,24.425,[0]
579,[0],1001,21,1,100,80,255,21,1001,0.9,7304.6375,42429089.975,24.6375,49.975,[0]
580,[0],1001,21,1,100,80,255,21,1001,0.125,7316.1125,42575304.0375,36.1125,24.0375,[0]
581,[0],1001,21,1,100,80,255,21,1001,0.75,7328.0,42721753.55,48.0,73.55,[0]
582,[0],1001,21,1,100,80,255,21,1001,0.1375,7340.3875,42868449.3,60.3875,49.3,[0]
583,[0],1001,21,1,100,80,255,21,1001,0.7875,7351.775,43015378.35,71.775,18.35,[0]
584,[0],1001,21,1,100,80,255,21,1001,0.9375,7365.85,43162558.95,5.85,78.95,[0]
585,[0],1001,21,1,100,80,255,21,1001,0.55,7376.3375,43309991.0375,16.3375,71.0375,[0]
586,[0],1001,21,1,100,80,255,21,1001,1.1375,7390.2,43457670.1875,30.2,70.1875,[0]
587,[0],1001,21,1,100,80,255,21,1001,0.5375,7403.45,43605613.2375,43.45,13.2375,[0]
588,[0],1001,21,1,100,80,255,21,1001,0.55,7415.9375,43753824.475,55.9375,64.475,[0]
589,[0],1001,21,1,100,80,255,21,1001,1.1875,7429.7,43902286.7375,69.7,46.7375,[0]
590,[0],1001,21,1,100,80,255,21,1001,0.0625,7438.5625,44050967.2125,78.5625,7.2125,[0]
591,[0],1001,21,1,100,80,255,21,1001,1.1375,7451.4375,44199867.7125,11.4375,27.7125,[0]
592,[0],1001,21,1,100,80,255,21,1001,0.4625,7464.0375,44349029.925,24.0375,69.925,[0]
593,[0],1001,21,1,100,80,255,21,1001,1.225,7474.425,44498415.6125,34.425,15.6125,[0]
594,[0],1001,21,1,100,80,255,21,1001,1.1375,7490.225,44648061.05,50.225,61.05,[0]
595,[0],1001,21,1,100,80,255,21,1001,0.0875,7500.3,44797988.375,60.3,68.375,[0]
596,[0],1001,21,1,100,80,255,21,1001,0.8625,7512.675,44948121.4875,72.675,41.4875,[0]
597,[0],1001,21,1,100,80,255,21,1001,1.1875,7525.7,45098503.4375,5.7,23.4375,[0]
598,[0],1001,21,1,100,80,255,21,1001,1.0875,7538.7125,45249163.85,18.7125,43.85,[0]
599,[0],1001,21,1,100,80,255,21,1001,0.5875,7553.125,45400085.25,33.125,5.25,[0]
600,[0],1001,21,1,100,80,255,21,1001,1.1375,7565.525,45551256.675,45.525,56.675,[0]
601,[0],1001,21,1,100,80,255,21,1001,0.0375,7577.4125,45702705.0,57.4125,65.0,[0]
602,[0],1001,21,1,100,80,255,21,1001,1.1875,7591.3,45854398.525,71.3,78.525,[0]
603,[0],1001,21,1,100,80,255,21,1001,0.325,7604.525,46006367.1125,4.525,47.1125,[0]
604,[0],1001,21,1,100,80,255,21,1001,0.55,7616.95,46158601.3625,16.95,41.3625,[0]
605,[0],1001,21,1,100,80,255,21,1001,0.8375,7630.6875,46311090.975,30.6875,50.975,[0]
606,[0],1001,21,1,100,80,255,21,1001,0.85,7643.475,46463838.8625,43.475,78.8625,[0]
607,[0],1001,21,1,100,80,255,21,1001,0.075,7655.8375,46616832.05,55.8375,32.05,[0]
608,[0],1001,21,1,100,80,255,21,1001,1.2125,7671.35,46770110.6375,71.35,30.6375,[0]
609,[0],1001,21,1,100,80,255,21,1001,0.55,7683.25,46923665.1375,3.25,65.1375,[0]
610,[0],1001,21,1,100,80,255,21,1001,0.1875,7692.45,47077433.5375,12.45,73.5375,[0]
611,[0],1001,21,1,100,80,255,21,1001,0.6875,7706.65,47231436.1,26.65,76.1,[0]
612,[0],1001,21,1,100,80,255,21,1001,0.4875,7716.2875,47385682.0375,36.2875,2.0375,[0]
613,[0],1001,21,1,100,80,255,21,1001,0.9375,7728.8875,47540157.425,48.8875,77.425,[0]
614,[0],1001,21,1,100,80,255,21,1001,1.2125,7742.55,47694885.375,62.55,5.375,[0]
615,[0],1001,21,1,100,80,255,21,1001,0.6125,7757.0125,47849881.4875,77.0125,41.4875,[0]
616,[0],1001,21,1,100,80,255,21,1001,0.775,7769.65,48005150.3625,9.65,30.3625,[0]
617,[0],1001,21,1,100,80,255,21,1001,0.7375,7781.6375,48160664.9125,21.6375,24.9125,[0]
618,[0],1001,21,1,100,80,255,21,1001,0.675,7794.4125,48316440.6,34.4125,40.6,[0]
619,[0],1001,21,1,100,80,255,21,1001,0.475,7808.3875,48472478.975,48.3875,78.975,[0]
620,[0],1001,21,1,100,80,255,21,1001,1.2125,7822.1125,48628785.575,62.1125,65.575,[0]
621,[0],1001,21,1,100,80,255,21,1001,0.025,7835.05,48785375.1125,75.05,15.1125,[0]
622,[0],1001,21,1,100,80,255,21,1001,0.475,7847.2625,48942209.9375,7.2625,49.9375,[0]
623,[0],1001,21,1,100,80,255,21,1001,1.2125,7857.9,49099270.575,17.9,70.575,[0]
624,[0],1001,21,1,100,80,255,21,1001,0.9375,7868.9875,49256537.8375,28.9875,57.8375,[0]
625,[0],1001,21,1,100,80,255,21,1001,0.45,7883.0875,49414070.4125,43.0875,70.4125,[0]
626,[0],1001,21,1,100,80,255,21,1001,0.25,7895.5,49571863.9125,55.5,23.9125,[0]
627,[0],1001,21,1,100,80,255,21,1001,0.6375,7905.075,49729874.25,65.075,34.25,[0]
628,[0],1001,21,1,100,80,255,21,1001,0.875,7915.15,49888064.625,75.15,64.625,[0]
629,[0],1001,21,1,100,80,255,21,1001,1.15,7929.8125,50046527.8125,9.8125,47.8125,[0]
630,[0],1001,21,1,100,80,255,21,1001,0.5625,7943.0875,50205256.375,23.0875,56.375,[0]
631,[0],1001,21,1,100,80,255,21,1001,1.0375,7956.475,50364255.5875,36.475,15.5875,[0]
632,[0],1001,21,1,100,80,255,21,1001,0.525,7966.6625,50523494.4875,46.6625,54.4875,[0]
633,[0],1001,21,1,100,80,255,21,1001,1.175,7980.9875,50682989.7125,60.9875,29.7125,[0]
634,[0],1001,21,1,100,80,255,21,1001,0.5125,7993.4375,50842743.125,73.4375,23.125,[0]
635,[0],1001,21,1,100,80,255,21,1001,0.25,8006.3875,51002746.9875,6.3875,26.9875,[0]
636,[0],1001,21,1,100,80,255,21,1001,0.35,8019.0375,51162988.4125,19.0375,28.4125,[0]
637,[0],1001,21,1,100,80,255,21,1001,0.3375,8028.6125,51323467.1,28.6125,27.1,[0]
638,[0],1001,21,1,100,80,255,21,1001,0.9625,8041.8125,51484174.3625,41.8125,14.3625,[0]
639,[0],1001,21,1,100,80,255,21,1001,0.5125,8054.8125,51645118.3375,54.8125,78.3375,[0]
640,[0],1001,21,1,100,80,255,21,1001,1.225,8065.0,51806319.7,65.0,79.7,[0]
641,[0],1001,21,1,100,80,255,21,1001,0.9375,8077.5625,51967763.5625,77.5625,3.5625,[0]
642,[0],1001,21,1,100,80,255,21,1001,0.1,8089.825,52129449.6625,9.825,9.6625,[0]
643,[0],1001,21,1,100,80,255,21,1001,1.025,8102.5125,52291394.2375,22.5125,34.2375,[0]
644,[0],1001,21,1,100,80,255,21,1001,1.1875,8115.1125,52453578.1125,35.1125,58.1125,[0]
645,[0],1001,21,1,100,80,255,21,1001,1.1875,8129.1625,52616030.7,49.1625,30.7,[0]
646,[0],1001,21,1,100,80,255,21,1001,0.3625,8143.1125,52778757.3625,63.1125,37.3625,[0]
647,[0],1001,21,1,100,80,255,21,1001,0.2125,8154.4,52941751.95,74.4,71.95,[0]
648,[0],1001,21,1,100,80,255,21,1001,0.1625,8166.6,53104971.2,6.6,11.2,[0]
649,[0],1001,21,1,100,80,255,21,1001,0.525,8178.725,53268425.1875,18.725,25.1875,[0]
650,[0],1001,21,1,100,80,255,21,1001,0.4625,8190.0125,53432111.3125,30.0125,31.3125,[0]
651,[0],1001,21,1,100,80,255,21,1001,0.175,8202.35,53596047.6125,42.35,47.6125,[0]
652,[0],1001,21,1,100,80,255,21,1001,0.7,8214.725,53760232.1,54.725,72.1,[0]
653,[0],1001,21,1,100,80,255,21,1001,0.35,8225.175,53924628.3625,65.175,68.3625,[0]
654,[0],1001,21,1,100,80,255,21,1001,1.0,8238.175,54089278.9,78.175,78.9,[0]
655,[0],1001,21,1,100,80,255,21,1001,1.0625,8250.4125,54254160.9625,10.4125,0.9625,[0]
656,[0],1001,21,1,100,80,255,21,1001,0.075,8260.225,54419287.3125,20.225,7.3125,[0]
657,[0],1001,21,1,100,80,255,21,1001,0.3875,8275.35,54584664.2875,35.35,24.2875,[0]
658,[0],1001,21,1,100,80,255,21,1001,1.2125,8290.3,54750330.3125,50.3,10.3125,[0]
659,[0],1001,21,1,100,80,255,21,1001,0.8,8302.25,54916274.2,62.25,34.2,[0]
660,[0],1001,21,1,100,80,255,21,1001,1.2,8314.3625,55082457.9625,74.3625,57.9625,[0]
661,[0],1001,21,1,100,80,255,21,1001,0.825,8327.6,55248876.3125,7.6,76.3125,[0]
662,[0],1001,21,1,100,80,255,21,1001,0.8625,8340.525,55415565.4125,20.525,45.4125,[0]
663,[0],1001,21,1,100,80,255,21,1001,0.325,8351.6625,55582488.9875,31.6625,8.9875,[0]
664,[0],1001,21,1,100,80,255,21,1001,0.625,8362.0,55749622.9625,42.0,22.9625,[0]
665,[0],1001,21,1,100,80,255,21,1001,0.7375,8376.1375,55917005.5125,56.1375,45.5125,[0]
666,[0],1001,21,1,100,80,255,21,1001,0.575,8387.2125,56084633.9125,67.2125,73.9125,[0]
667,[0],1001,21,1,100,80,255,21,1001,0.6625,8399.6375,56252509.9875,79.6375,29.9875,[0]
668,[0],1001,21,1,100,80,255,21,1001,0.225,8410.8,56420640.0625,10.8,0.0625,[0]
669,[0],1001,21,1,100,80,255,21,1001,0.7,8421.9625,56588976.2375,21.9625,16.2375,[0]
670,[0],1001,21,1,100,80,255,21,1001,0.8625,8434.575,56757548.825,34.575,28.825,[0]
671,[0],1001,21,1,100,80,255,21,1001,0.0375,8446.625,56926363.625,46.625,43.625,[0]
672,[0],1001,21,1,100,80,255,21,1001,0.4625,8457.5375,57095400.3125,57.5375,40.3125,[0]
673,[0],1001,21,1,100,80,255,21,1001,0.5375,8471.95,57264696.0,71.95,56.0,[0]
674,[0],1001,21,1,100,80,255,21,1001,0.9875,8487.4125,57434293.225,7.4125,53.225,[0]
675,[0],1001,21,1,100,80,255,21,1001,0.7375,8500.175,57604174.3375,20.175,14.3375,[0]
676,[0],1001,21,1,100,80,255,21,1001,0.1,8510.9375,57774295.225,30.9375,55.225,[0]
677,[0],1001,21,1,100,80,255,21,1001,0.975,8524.2125,57944665.0125,44.2125,25.0125,[0]
678,[0],1001,21,1,100,80,255,21,1001,0.25,8534.3625,58115264.2125,54.3625,64.2125,[0]
679,[0],1001,21,1,100,80,255,21,1001,0.975,8545.05,58286052.7625,65.05,52.7625,[0]
680,[0],1001,21,1,100,80,255,21,1001,0.2375,8560.1375,58457110.4125,0.1375,70.4125,[0]
681,[0],1001,21,1,100,80,255,21,1001,0.125,8570.8625,58628430.475,10.8625,30.475,[0]
682,[0],1001,21,1,100,80,255,21,1001,1.025,8583.275,58799966.9375,23.275,46.9375,[0]
683,[0],1001,21,1,100,80,255,21,1001,0.775,8595.1,58971762.5875,35.1,2.5875,[0]
684,[0],1001,21,1,100,80,255,21,1001,0.525,8611.0375,59143830.85,51.0375,70.85,[0]
685,[0],1001,21,1,100,80,255,21,1001,1.0375,8625.225,59316198.65,65.225,38.65,[0]
686,[0],1001,21,1,100,80,255,21,1001,0.3,8638.75,59488852.975,78.75,52.975,[0]
687,[0],1001,21,1,100,80,255,21,1001,0.675,8652.3,59661766.6625,12.3,6.6625,[0]
688,[0],1001,21,1,100,80,255,21,1001,0.4625,8660.5625,59834896.6625,20.5625,16.6625,[0]
689,[0],1001,21,1,100,80,255,21,1001,0.475,8671.9625,60008227.875,31.9625,67.875,[0]
690,[0],1001,21,1,100,80,255,21,1001,0.9875,8687.35,60181824.2,47.35,64.2,[0]
691,[0],1001,21,1,100,80,255,21,1001,0.7875,8699.05,60355677.9,59.05,77.9,[0]
692,[0],1001,21,1,100,80,255,21,1001,0.75,8711.05,60529787.3125,71.05,27.3125,[0]
693,[0],1001,21,1,100,80,255,21,1001,0.6625,8725.7875,60704178.1375,5.7875,18.1375,[0]
694,[0],1001,21,1,100,80,255,21,1001,0.9125,8738.0375,60878820.1375,18.0375,20.1375,[0]
695,[0],1001,21,1,100,80,255,21,1001,1.075,8750.9125,61053714.625,30.9125,34.625,[0]
696,[0],1001,21,1,100,80,255,21,1001,0.7625,8763.975,61228854.8875,43.975,54.8875,[0]
697,[0],1001,21,1,100,80,255,21,1001,1.1125,8777.375,61404263.5375,57.375,23.5375,[0]
698,[0],1001,21,1,100,80,255,21,1001,0.9875,8793.1625,61579997.3,73.1625,77.3,[0]
699,[0],1001,21,1,100,80,255,21,1001,0.3125,8802.875,61755960.025,2.875,40.025,[0]
700,[0],1001,21,1,100,80,255,21,1001,0.8625,8819.4625,61932177.4375,19.4625,17.4375,[0]
701,[0],1001,21,1,100,80,255,21,1001,0.325,8833.4375,62108724.15,33.4375,4.15,[0]
702,[0],1001,21,1,100,80,255,21,1001,1.1875,8844.7875,62285494.5,44.7875,54.5,[0]
703,[0],1001,21,1,100,80,255,21,1001,0.8125,8858.7875,62462517.2625,58.7875,37.2625,[0]
704,[0],1001,21,1,100,80,255,21,1001,0.3625,8871.95,62639822.85,71.95,62.85,[0]
705,[0],1001,21,1,100,80,255,21,1001,0.125,8882.85,62817379.5625,2.85,19.5625,[0]
706,[0],1001,21,1,100,80,255,21,1001,0.5875,8895.525,62995167.1125,15.525,47.1125,[0]
707,[0],1001,21,1,100,80,255,21,1001,0.85,8907.225,63173188.3125,27.225,68.3125,[0]
708,[0],1001,21,1,100,80,255,21,1001,0.05,8919.325,63351457.9,39.325,17.9,[0]
709,[0],1001,21,1,100,80,255,21,1001,0.9625,8934.2125,63529997.4375,54.2125,77.4375,[0]
710,[0],1001,21,1,100,80,255,21,1001,1.175,8949.85,63708847.2625,69.85,47.2625,[0]
711,[0],1001,21,1,100,80,255,21,1001,0.125,8960.875,63887968.4375,0.875,48.4375,[0]
712,[0],1001,21,1,100,80,255,21,1001,0.15,8971.25,64067291.2875,11.25,11.2875,[0]
713,[0],1001,21,1,100,80,255,21,1001,0.9375,8984.025,64246845.275,24.025,45.275,[0]
714,[0],1001,21,1,100,80,255,21,1001,0.4875,8999.4375,64426690.275,39.4375,50.275,[0]
715,[0],1001,21,1,100,80,255,21,1001,0.25,9011.8625,64606819.625,51.8625,19.625,[0]
716,[0],1001,21,1,100,80,255,21,1001,0.1625,9024.3,64787192.025,64.3,72.025,[0]
717,[0],1001,21,1,100,80,255,21,1001,0.0375,9037.925,64967830.5,77.925,70.5,[0]
718,[0],1001,21,1,100,80,255,21,1001,0.2125,9048.2375,65148702.3375,8.2375,62.3375,[0]
719,[0],1001,21,1,100,80,255,21,1001,0.0125,9058.7625,65329790.5375,18.7625,30.5375,[0]
720,[0],1001,21,1,100,80,255,21,1001,0.1,9071.375,65511092.7375,31.375,52.7375,[0]
721,[0],1001,21,1,100,80,255,21,1001,0.85,9085.6125,65692674.7125,45.6125,34.7125,[0]
722,[0],1001,21,1,100,80,255,21,1001,0.5,9098.275,65874520.7,58.275,40.7,[0]
723,[0],1001,21,1,100,80,255,21,1001,1.175,9112.125,66056622.05,72.125,62.05,[0]
724,[0],1001,21,1,100,80,255,21,1001,0.05,9123.575,66238979.7875,3.575,19.7875,[0]
725,[0],1001,21,1,100,80,255,21,1001,0.75,9140.2625,66421627.2625,20.2625,27.2625,[0]
726,[0],1001,21,1,100,80,255,21,1001,0.3375,9154.525,66604578.375,34.525,18.375,[0]
727,[0],1001,21,1,100,80,255,21,1001,0.4125,9166.1625,66787795.6875,46.1625,35.6875,[0]
728,[0],1001,21,1,100,80,255,21,1001,0.65,9179.05,66971265.15,59.05,65.15,[0]
729,[0],1001,21,1,100,80,255,21,1001,0.85,9190.0,67154948.475,70.0,68.475,[0]
730,[0],1001,21,1,100,80,255,21,1001,0.775,9199.4,67338846.9125,79.4,46.9125,[0]
731,[0],1001,21,1,100,80,255,21,1001,0.35,9214.3125,67522995.1125,14.3125,35.1125,[0]
732,[0],1001,21,1,100,80,255,21,1001,0.3625,9225.575,67707392.7375,25.575,32.7375,[0]
733,[0],1001,21,1,100,80,255,21,1001,0.65,9237.6625,67892037.0,37.6625,37.0,[0]
734,[0],1001,21,1,100,80,255,21,1001,0.5625,9255.1,68076969.2875,55.1,9.2875,[0]
735,[0],1001,21,1,100,80,255,21,1001,0.6875,9268.05,68262212.1125,68.05,52.1125,[0]
736,[0],1001,21,1,100,80,255,21,1001,0.7375,9280.075,68447698.8125,0.075,18.8125,[0]
737,[0],1001,21,1,100,80,255,21,1001,0.0125,9290.625,68633420.9625,10.625,60.9625,[0]
738,[0],1001,21,1,100,80,255,21,1001,1.1875,9301.6125,68819348.5,21.6125,68.5,[0]
739,[0],1001,21,1,100,80,255,21,1001,0.4875,9312.6875,69005488.2375,32.6875,48.2375,[0]
740,[0],1001,21,1,100,80,255,21,1001,0.4625,9324.7,69191868.425,44.7,28.425,[0]
741,[0],1001,21,1,100,80,255,21,1001,1.1125,9333.3625,69378452.7125,53.3625,52.7125,[0]
742,[0],1001,21,1,100,80,255,21,1001,0.725,9347.6,69565288.1375,67.6,8.1375,[0]
743,[0],1001,21,1,100,80,255,21,1001,0.9875,9358.95,69752359.95,78.95,39.95,[0]
744,[0],1001,21,1,100,80,255,21,1001,0.2625,9370.4125,69939654.5375,10.4125,54.5375,[0]
745,[0],1001,21,1,100,80,255,21,1001,0.5125,9383.8625,70127203.6,23.8625,3.6,[0]
746,[0],1001,21,1,100,80,255,21,1001,0.2125,9392.4125,70314970.95,32.4125,10.95,[0]
747,[0],1001,21,1,100,80,255,21,1001,1.0375,9406.9625,70502977.6,46.9625,17.6,[0]
748,[0],1001,21,1,100,80,255,21,1001,0.2625,9418.7375,70691235.625,58.7375,35.625,[0]
749,[0],1001,21,1,100,80,255,21,1001,0.9375,9432.9,70879768.25,72.9,8.25,[0]
750,[0],1001,21,1,100,80,255,21,1001,1.1125,9449.075,71068592.8625,9.075,32.8625,[0]
751,[0],1001,21,1,100,80,255,21,1001,0.4,9461.2,71257700.9875,21.2,20.9875,[0]
752,[0],1001,21,1,100,80,255,21,1001,0.4125,9475.8625,71447072.45,35.8625,32.45,[0]
753,[0],1001,21,1,100,80,255,21,1001,1.0125,9488.5875,71636718.425,48.5875,78.425,[0]
754,[0],1001,21,1,100,80,255,21,1001,0.6875,9499.875,71826583.5125,59.875,23.5125,[0]
755,[0],1001,21,1,100,80,255,21,1001,0.6375,9511.25,72016706.8875,71.25,66.8875,[0]
756,[0],1001,21,1,100,80,255,21,1001,0.9625,9520.9375,72207034.625,0.9375,74.625,[0]
757,[0],1001,21,1,100,80,255,21,1001,0.3,9533.95,72397594.1125,13.95,74.1125,[0]
758,[0],1001,21,1,100,80,255,21,1001,0.25,9547.0875,72588418.425,27.0875,18.425,[0]
759,[0],1001,21,1,100,80,255,21,1001,0.9375,9559.625,72779494.3875,39.625,54.3875,[0]
760,[0],1001,21,1,100,80,255,21,1001,0.925,9572.1875,72970792.4875,52.1875,72.4875,[0]
761,[0],1001,21,1,100,80,255,21,1001,0.2875,9585.125,73162374.8,65.125,54.8,[0]
762,[0],1001,21,1,100,80,255,21,1001,0.2625,9597.5125,73354204.875,77.5125,44.875,[0]
763,[0],1001,21,1,100,80,255,21,1001,0.2625,9608.0125,73546273.0,8.0125,33.0,[0]
764,[0],1001,21,1,100,80,255,21,1001,0.7375,9621.8125,73738575.25,21.8125,15.25,[0]
765,[0],1001,21,1,100,80,255,21,1001,0.8625,9635.1625,73931136.7125,35.1625,16.7125,[0]
766,[0],1001,21,1,100,80,255,21,1001,0.075,9646.3375,74123958.4375,46.3375,38.4375,[0]
767,[0],1001,21,1,100,80,255,21,1001,0.5875,9657.2875,74317003.3125,57.2875,43.3125,[0]
768,[0],1001,21,1,100,80,255,21,1001,1.1875,9672.325,74510311.2875,72.325,71.2875,[0]
769,[0],1001,21,1,100,80,255,21,1001,0.05,9686.6375,74703914.3125,6.6375,74.3125,[0]
770,[0],1001,21,1,100,80,255,21,1001,0.5,9699.0,74897784.7875,19.0,24.7875,[0]
771,[0],1001,21,1,100,80,255,21,1001,0.575,9712.2375,75091891.3125,32.2375,51.3125,[0]
772,[0],1001,21,1,100,80,255,21,1001,0.2875,9723.7625,75286262.6,43.7625,22.6,[0]
773,[0],1001,21,1,100,80,255,21,1001,0.125,9737.5,75480873.0125,57.5,73.0125,[0]
774,[0],1001,21,1,100,80,255,21,1001,0.775,9751.3875,75675766.825,71.3875,6.825,[0]
775,[0],1001,21,1,100,80,255,21,1001,1.0375,9763.7,75870912.9875,3.7,32.9875,[0]
776,[0],1001,21,1,100,80,255,21,1001,0.1375,9775.5,76066308.9625,15.5,68.9625,[0]
777,[0],1001,21,1,100,80,255,21,1001,1.225,9789.0125,76261948.6375,29.0125,28.6375,[0]
778,[0],1001,21,1,100,80,255,21,1001,0.4375,9801.4625,76457847.1375,41.4625,7.1375,[0]
779,[0],1001,21,1,100,80,255,21,1001,0.5375,9813.2,76654011.0625,53.2,11.0625,[0]
780,[0],1001,21,1,100,80,255,21,1001,0.1625,9825.475,76850399.45,65.475,79.45,[0]
781,[0],1001,21,1,100,80,255,21,1001,0.15,9840.4625,77047072.7125,0.4625,32.7125,[0]
782,[0],1001,21,1,100,80,255,21,1001,0.425,9854.3875,77244024.1,14.3875,24.1,[0]
783,[0],1001,21,1,100,80,255,21,1001,0.925,9867.7375,77441252.675,27.7375,52.675,[0]
784,[0],1001,21,1,100,80,255,21,1001,0.675,9879.825,77638721.4375,39.825,1.4375,[0]
785,[0],1001,21,1,100,80,255,21,1001,0.6125,9895.0125,77836465.625,55.0125,65.625,[0]
786,[0],1001,21,1,100,80,255,21,1001,0.675,9906.5625,78034474.0625,66.5625,74.0625,[0]
787,[0],1001,21,1,100,80,255,21,1001,1.075,9919.4875,78232730.4,79.4875,10.4,[0]
788,[0],1001,21,1,100,80,255,21,1001,0.0625,9930.075,78431238.0375,10.075,38.0375,[0]
789,[0],1001,21,1,100,80,255,21,1001,1.2375,9945.75,78630012.225,25.75,12.225,[0]
790,[0],1001,21,1,100,80,255,21,1001,1.1625,9959.7125,78829077.25,39.7125,37.25,[0]
791,[0],1001,21,1,100,80,255,21,1001,0.4625,9970.7125,79028410.9125,50.7125,10.9125,[0]
792,[0],1001,21,1,100,80,255,21,1001,0.8625,9984.75,79227958.65,64.75,38.65,[0]
793,[0],1001,21,1,100,80,255,21,1001,0.225,9998.9,79427809.8,78.9,49.8,[0]
794,[0],1001,21,1,100,80,255,21,1001,0.7625,10011.5,79627936.2875,11.5,16.2875,[0]
795,[0],1001,21,1,100,80,255,21,1001,0.8875,10021.525,79828268.0625,21.525,28.0625,[0]
796,[0],1001,21,1,100,80,255,21,1001,0.4375,10033.6375,80028810.8125,33.6375,10.8125,[0]
797,[0],1001,21,1,100,80,255,21,1001,0.675,10043.5625,80229579.55,43.5625,59.55,[0]
798,[0],1001,21,1,100,80,255,21,1001,0.0875,10055.9125,80430582.425,55.9125,22.425,[0]
799,[0],1001,21,1,100,80,255,21,1001,1.0125,10068.725,80631843.2375,68.725,3.2375,[0]
800,[0],1001,21,1,100,80,255,21,1001,1.1875,10081.15,80833348.325,1.15,68.325,[0]
801,[0],1001,21,1,100,80,255,21,1001,0.0125,10093.9125,81035104.375,13.9125,64.375,[0]
802,[0],1001,21,1,100,80,255,21,1001,0.2375,10107.5625,81237135.025,27.5625,15.025,[0]
803,[0],1001,21,1,100,80,255,21,1001,0.2625,10120.9625,81439428.375,40.9625,68.375,[0]
804,[0],1001,21,1,100,80,255,21,1001,0.2375,10132.5,81641962.1,52.5,42.1,[0]
805,[0],1001,21,1,100,80,255,21,1001,0.7,10143.125,81844718.8625,63.125,78.8625,[0]
806,[0],1001,21,1,100,80,255,21,1001,0.4,10155.275,82047712.2375,75.275,32.2375,[0]
807,[0],1001,21,1,100,80,255,21,1001,0.6,10166.3,82250917.05,6.3,37.05,[0]
808,[0],1001,21,1,100,80,255,21,1001,1.0375,10178.2875,82454354.8375,18.2875,34.8375,[0]
809,[0],1001,21,1,100,80,255,21,1001,0.425,10189.7875,82658029.05,29.7875,29.05,[0]
810,[0],1001,21,1,100,80,255,21,1001,0.7125,10201.8375,82861965.325,41.8375,45.325,[0]
811,[0],1001,21,1,100,80,255,21,1001,0.9,10211.3875,83066100.925,51.3875,20.925,[0]
812,[0],1001,21,1,100,80,255,21,1001,0.7375,10225.8875,83270463.425,65.8875,63.425,[0]
813,[0],1001,21,1,100,80,255,21,1001,0.8125,10241.4875,83475157.3125,1.4875,37.3125,[0]
814,[0],1001,21,1,100,80,255,21,1001,0.5125,10253.3875,83680101.325,13.3875,21.325,[0]
815,[0],1001,21,1,100,80,255,21,1001,1.125,10266.3375,83885302.0,26.3375,22.0,[0]
816,[0],1001,21,1,100,80,255,21,1001,0.2875,10278.475,84090777.375,38.475,57.375,[0]
817,[0],1001,21,1,100,80,255,21,1001,0.5,10294.675,84296530.3375,54.675,50.3375,[0]
818,[0],1001,21,1,100,80,255,21,1001,0.5875,10303.2875,84502511.25,63.2875,31.25,[0]
819,[0],1001,21,1,100,80,255,21,1001,0.2875,10312.9625,84708664.7875,72.9625,24.7875,[0]
820,[0],1001,21,1,100,80,255,21,1001,1.2,10327.6875,84915056.9375,7.6875,16.9375,[0]
821,[0],1001,21,1,100,80,255,21,1001,0.8625,10340.0875,85121729.125,20.0875,49.125,[0]
822,[0],1001,21,1,100,80,255,21,1001,0.8625,10352.725,85328654.1125,32.725,14.1125,[0]
823,[0],1001,21,1,100,80,255,21,1001,0.6375,10365.6125,85535843.4,45.6125,3.4,[0]
824,[0],1001,21,1,100,80,255,21,1001,0.5875,10376.95,85743273.8375,56.95,73.8375,[0]
825,[0],1001,21,1,100,80,255,21,1001,1.075,10387.6125,85950920.8125,67.6125,40.8125,[0]
826,[0],1001,21,1,100,80,255,21,1001,0.7375,10400.425,86158815.0125,0.425,15.0125,[0]
827,[0],1001,21,1,100,80,255,21,1001,0.425,10413.3875,86366974.3625,13.3875,14.3625,[0]
828,[0],1001,21,1,100,80,255,21,1001,0.3375,10425.5875,86575374.9375,25.5875,14.9375,[0]
829,[0],1001,21,1,100,80,255,21,1001,0.6375,10438.0375,86784006.25,38.0375,6.25,[0]
830,[0],1001,21,1,100,80,255,21,1001,1.025,10450.725,86992877.0875,50.725,77.0875,[0]
831,[0],1001,21,1,100,80,255,21,1001,0.775,10464.6375,87202031.45,64.6375,31.45,[0]
832,[0],1001,21,1,100,80,255,21,1001,0.9875,10480.325,87411494.8625,0.325,54.8625,[0]
833,[0],1001,21,1,100,80,255,21,1001,0.925,10491.2,87621216.5875,11.2,16.5875,[0]
834,[0],1001,21,1,100,80,255,21,1001,1.15,10504.625,87831172.3125,24.625,52.3125,[0]
835,[0],1001,21,1,100,80,255,21,1001,0.425,10513.85,88041369.4375,33.85,9.4375,[0]
836,[0],1001,21,1,100,80,255,21,1001,0.0875,10525.2625,88251761.6375,45.2625,1.6375,[0]
837,[0],1001,21,1,100,80,255,21,1001,0.25,10538.6125,88462416.6,58.6125,16.6,[0]
838,[0],1001,21,1,100,80,255,21,1001,0.5,10551.1125,88673324.975,71.1125,44.975,[0]
839,[0],1001,21,1,100,80,255,21,1001,1.2,10560.875,88884443.0625,0.875,43.0625,[0]
840,[0],1001,21,1,100,80,255,21,1001,0.8875,10574.3,89095797.55,14.3,37.55,[0]
841,[0],1001,21,1,100,80,255,21,1001,0.3,10585.525,89307408.4625,25.525,48.4625,[0]
842,[0],1001,21,1,100,80,255,21,1001,1.1875,10597.975,89519234.85,37.975,34.85,[0]
843,[0],1001,21,1,100,80,255,21,1001,0.075,10611.125,89731340.925,51.125,60.925,[0]
844,[0],1001,21,1,100,80,255,21,1001,0.975,10626.4875,89943711.3125,66.4875,31.3125,[0]
845,[0],1001,21,1,100,80,255,21,1001,0.425,10638.5,90156372.8375,78.5,52.8375,[0]
846,[0],1001,21,1,100,80,255,21,1001,1.2125,10650.25,90369258.825,10.25,58.825,[0]
847,[0],1001,21,1,100,80,255,21,1001,0.75,10661.1875,90582356.15,21.1875,36.15,[0]
848,[0],1001,21,1,100,80,255,21,1001,0.1875,10675.7375,90795734.0875,35.7375,54.0875,[0]
849,[0],1001,21,1,100,80,255,21,1001,0.3875,10687.5625,91009388.25,47.5625,28.25,[0]
850,[0],1001,21,1,100,80,255,21,1001,0.55,10701.4,91223289.9,61.4,9.9,[0]
851,[0],1001,21,1,100,80,255,21,1001,1.0625,10714.2125,91437454.7625,74.2125,14.7625,[0]
852,[0],1001,21,1,100,80,255,21,1001,0.4125,10725.4125,91651855.25,5.4125,15.25,[0]
853,[0],1001,21,1,100,80,255,21,1001,1.125,10737.075,91866484.1875,17.075,4.1875,[0]
854,[0],1001,21,1,100,80,255,21,1001,0.925,10750.6375,92081378.525,30.6375,18.525,[0]
855,[0],1001,21,1,100,80,255,21,1001,0.4625,10763.2125,92296505.2125,43.2125,25.2125,[0]
856,[0],1001,21,1,100,80,255,21,1001,0.5125,10776.0125,92511904.9125,56.0125,64.9125,[0]
857,[0],1001,21,1,100,80,255,21,1001,0.8875,10791.5875,92727580.35,71.5875,60.35,[0]
858,[0],1001,21,1,100,80,255,21,1001,0.15,10804.55,92943547.2375,4.55,27.2375,[0]
859,[0],1001,21,1,100,80,255,21,1001,0.125,10816.6,93159768.425,16.6,8.425,[0]
860,[0],1001,21,1,100,80,255,21,1001,1.125,10827.8875,93376212.05,27.8875,52.05,[0]
861,[0],1001,21,1,100,80,255,21,1001,0.85,10840.7625,93592905.625,40.7625,25.625,[0]
862,[0],1001,21,1,100,80,255,21,1001,0.375,10854.0,93809860.6875,54.0,20.6875,[0]
863,[0],1001,21,1,100,80,255,21,1001,0.95,10867.1375,94027073.4375,67.1375,33.4375,[0]
864,[0],1001,21,1,100,80,255,21,1001,0.375,10878.925,94244559.7125,78.925,79.7125,[0]
865,[0],1001,21,1,100,80,255,21,1001,0.8875,10891.825,94462262.075,11.825,22.075,[0]
866,[0],1001,21,1,100,80,255,21,1001,0.825,10903.025,94680209.8,23.025,49.8,[0]
867,[0],1001,21,1,100,80,255,21,1001,0.0875,10914.4125,94898391.0125,34.4125,71.0125,[0]
868,[0],1001,21,1,100,80,255,21,1001,0.425,10926.275,95116801.05,46.275,1.05,[0]
869,[0],1001,21,1,100,80,255,21,1001,0.0125,10939.1125,95335477.3,59.1125,37.3,[0]
870,[0],1001,21,1,100,80,255,21,1001,0.375,10953.5,95554407.8,73.5,7.8,[0]
871,[0],1001,21,1,100,80,255,21,1001,0.125,10965.6,95773624.075,5.6,24.075,[0]
872,[0],1001,21,1,100,80,255,21,1001,0.725,10977.9375,95993064.0875,17.9375,24.0875,[0]
873,[0],1001,21,1,100,80,255,21,1001,0.275,10990.1625,96212746.4125,30.1625,26.4125,[0]
874,[0],1001,21,1,100,80,255,21,1001,0.5625,11002.0125,96432677.325,42.0125,37.325,[0]
875,[0],1001,21,1,100,80,255,21,1001,0.225,11013.875,96652844.2125,53.875,44.2125,[0]
876,[0],1001,21,1,100,80,255,21,1001,0.225,11026.2,96873262.1625,66.2,62.1625,[0]
877,[0],1001,21,1,100,80,255,21,1001,0.175,11035.65,97093893.575,75.65,53.575,[0]
878,[0],1001,21,1,100,80,255,21,1001,0.875,11047.825,97314722.55,7.825,2.55,[0]
879,[0],1001,21,1,100,80,255,21,1001,0.3875,11063.575,97535855.4,23.575,15.4,[0]
880,[0],1001,21,1,100,80,255,21,1001,0.6375,11076.9875,97757276.275,36.9875,76.275,[0]
881,[0],1001,21,1,100,80,255,21,1001,0.1625,11088.7,97978942.9,48.7,62.9,[0]
882,[0],1001,21,1,100,80,255,21,1001,0.575,11102.2625,98200859.4375,62.2625,59.4375,[0]
883,[0],1001,21,1,100,80,255,21,1001,0.3125,11113.75,98423017.925,73.75,57.925,[0]
884,[0],1001,21,1,100,80,255,21,1001,0.8375,11125.375,98645417.075,5.375,57.075,[0]
885,[0],1001,21,1,100,80,255,21,1001,1.1875,11139.5125,98868068.5,19.5125,68.5,[0]
886,[0],1001,21,1,100,80,255,21,1001,0.4,11150.1625,99090964.9125,30.1625,4.9125,[0]
887,[0],1001,21,1,100,80,255,21,1001,1.2375,11163.8875,99314102.1875,43.8875,22.1875,[0]
888,[0],1001,21,1,100,80,255,21,1001,0.2125,11175.35,99537506.1,55.35,66.1,[0]
889,[0],1001,21,1,100,80,255,21,1001,0.9875,11188.6875,99761156.975,68.6875,36.975,[0]
890,[0],1001,21,1,100,80,255,21,1001,0.6625,11203.1875,99985083.7875,3.1875,43.7875,[0]
891,[0],1001,21,1,100,80,255,21,1001,0.2,11215.925,100209290.825,15.925,10.825,[0]
892,[0],1001,21,1,100,80,255,21,1001,0.1125,11227.3875,100433740.9625,27.3875,60.9625,[0]
893,[0],1001,21,1,100,80,255,21,1001,1.125,11242.8625,100658447.8625,42.8625,47.8625,[0]
894,[0],1001,21,1,100,80,255,21,1001,0.4125,11255.45,100883457.0875,55.45,17.0875,[0]
895,[0],1001,21,1,100,80,255,21,1001,1.1125,11265.7,101108653.425,65.7,13.425,[0]
896,[0],1001,21,1,100,80,255,21,1001,0.7375,11278.825,101334103.325,78.825,23.325,[0]
897,[0],1001,21,1,100,80,255,21,1001,1.15,11291.7125,101559807.875,11.7125,47.875,[0]
898,[0],1001,21,1,100,80,255,21,1001,1.0375,11303.15,101785744.4625,23.15,64.4625,[0]
899,[0],1001,21,1,100,80,255,21,1001,1.075,11316.4,102011946.925,36.4,26.925,[0]
900,[0],1001,21,1,100,80,255,21,1001,0.8125,11330.475,102238422.375,50.475,22.375,[0]
901,[0],1001,21,1,100,80,255,21,1001,0.4875,11343.0875,102465164.4,63.0875,44.4,[0]
902,[0],1001,21,1,100,80,255,21,1001,0.65,11353.0625,102692140.5625,73.0625,60.5625,[0]
903,[0],1001,21,1,100,80,255,21,1001,0.8625,11367.9,102919347.4,7.9,67.4,[0]
904,[0],1001,21,1,100,80,255,21,1001,1.1625,11382.6875,103146850.85,22.6875,50.85,[0]
905,[0],1001,21,1,100,80,255,21,1001,0.5625,11394.775,103374619.825,34.775,59.825,[0]
906,[0],1001,21,1,100,80,255,21,1001,0.6,11407.2,103602645.3875,47.2,5.3875,[0]
907,[0],1001,21,1,100,80,255,21,1001,1.2375,11421.1625,103830932.6375,61.1625,52.6375,[0]
908,[0],1001,21,1,100,80,255,21,1001,0.9375,11434.9625,104059498.825,74.9625,58.825,[0]
909,[0],1001,21,1,100,80,255,21,1001,0.3875,11446.4125,104288316.3375,6.4125,76.3375,[0]
910,[0],1001,21,1,100,80,255,21,1001,0.45,11459.6125,104517374.8125,19.6125,14.8125,[0]
911,[0],1001,21,1,100,80,255,21,1001,0.525,11475.2875,104746742.325,35.2875,22.325,[0]
912,[0],1001,21,1,100,80,255,21,1001,0.025,11487.8125,104976395.675,47.8125,75.675,[0]
913,[0],1001,21,1,100,80,255,21,1001,0.7375,11501.3125,105206300.7625,61.3125,60.7625,[0]
914,[0],1001,21,1,100,80,255,21,1001,0.3875,11512.4,105436442.075,72.4,42.075,[0]
915,[0],1001,21,1,100,80,255,21,1001,0.0375,11525.9125,105666842.675,5.9125,42.675,[0]
916,[0],1001,21,1,100,80,255,21,1001,0.675,11540.9375,105897515.975,20.9375,75.975,[0]
917,[0],1001,21,1,100,80,255,21,1001,0.9,11551.2125,106128448.9125,31.2125,48.9125,[0]
918,[0],1001,21,1,100,80,255,21,1001,0.525,11563.975,106359596.475,43.975,76.475,[0]
919,[0],1001,21,1,100,80,255,21,1001,0.9,11575.95,106590987.4625,55.95,27.4625,[0]
920,[0],1001,21,1,100,80,255,21,1001,0.675,11589.4,106822647.4375,69.4,7.4375,[0]
921,[0],1001,21,1,100,80,255,21,1001,0.35,11600.6125,107054556.85,0.6125,76.85,[0]
922,[0],1001,21,1,100,80,255,21,1001,0.825,11613.0375,107286696.2,13.0375,56.2,[0]
923,[0],1001,21,1,100,80,255,21,1001,0.3625,11622.7125,107519054.0875,22.7125,14.0875,[0]
924,[0],1001,21,1,100,80,255,21,1001,1.05,11636.7375,107751646.0375,36.7375,46.0375,[0]
925,[0],1001,21,1,100,80,255,21,1001,1.2125,11651.225,107984547.2,51.225,67.2,[0]
926,[0],1001,21,1,100,80,255,21,1001,0.6625,11664.075,108217715.8125,64.075,35.8125,[0]
927,[0],1001,21,1,100,80,255,21,1001,0.3375,11675.725,108451115.0625,75.725,75.0625,[0]
928,[0],1001,21,1,100,80,255,21,1001,0.0875,11688.725,108684756.2625,8.725,36.2625,[0]
929,[0],1001,21,1,100,80,255,21,1001,0.3875,11701.7,108918685.6625,21.7,45.6625,[0]
930,[0],1001,21,1,100,80,255,21,1001,0.7625,11716.9,109152885.1875,36.9,5.1875,[0]
931,[0],1001,21,1,100,80,255,21,1001,1.1,11730.15,109387355.1875,50.15,75.1875,[0]
932,[0],1001,21,1,100,80,255,21,1001,0.3,11744.925,109622122.6,64.925,42.6,[0]
933,[0],1001,21,1,100,80,255,21,1001,1.15,11758.075,109857150.325,78.075,30.325,[0]
934,[0],1001,21,1,100,80,255,21,1001,0.6625,11769.1125,110092415.6,9.1125,15.6,[0]
935,[0],1001,21,1,100,80,255,21,1001,0.3375,11781.9625,110327943.1875,21.9625,23.1875,[0]
936,[0],1001,21,1,100,80,255,21,1001,0.3375,11794.125,110563711.7,34.125,31.7,[0]
937,[0],1001,21,1,100,80,255,21,1001,0.725,11806.6875,110799734.625,46.6875,54.625,[0]
938,[0],1001,21,1,100,80,255,21,1001,0.875,11816.6875,111035968.1,56.6875,48.1,[0]
939,[0],1001,21,1,100,80,255,21,1001,0.1625,11829.7375,111272432.7875,69.7375,32.7875,[0]
940,[0],1001,21,1,100,80,255,21,1001,0.125,11840.9875,111509151.55,0.9875,31.55,[0]
941,[0],1001,21,1,100,80,255,21,1001,0.8875,11853.3,111746097.8625,13.3,17.8625,[0]
942,[0],1001,21,1,100,80,255,21,1001,0.2375,11865.7,111983285.325,25.7,5.325,[0]
943,[0],1001,21,1,100,80,255,21,1001,0.5875,11878.9875,112220742.725,38.9875,22.725,[0]
944,[0],1001,21,1,100,80,255,21,1001,1.1125,11891.2,112458434.1,51.2,34.1,[0]
945,[0],1001,21,1,100,80,255,21,1001,0.45,11903.875,112696390.425,63.875,70.425,[0]
946,[0],1001,21,1,100,80,255,21,1001,0.475,11915.65,112934587.4125,75.65,27.4125,[0]
947,[0],1001,21,1,100,80,255,21,1001,0.0125,11925.7625,113173030.7625,5.7625,70.7625,[0]
948,[0],1001,21,1,100,80,255,21,1001,0.7125,11938.3625,113411669.5,18.3625,69.5,[0]
949,[0],1001,21,1,100,80,255,21,1001,0.2,11950.7875,113650588.275,30.7875,28.275,[0]
950,[0],1001,21,1,100,80,255,21,1001,1.0625,11963.1875,113889725.8375,43.1875,45.8375,[0]
951,[0],1001,21,1,100,80,255,21,1001,0.5875,11976.8625,114129126.0625,56.8625,6.0625,[0]
952,[0],1001,21,1,100,80,255,21,1001,0.0625,11991.6,114368811.0875,71.6,11.0875,[0]
953,[0],1001,21,1,100,80,255,21,1001,1.1625,12003.825,114608773.85,3.825,53.85,[0]
954,[0],1001,21,1,100,80,255,21,1001,0.5375,12015.85,114848977.1875,15.85,17.1875,[0]
955,[0],1001,21,1,100,80,255,21,1001,0.7625,12025.05,115089392.9,25.05,32.9,[0]
956,[0],1001,21,1,100,80,255,21,1001,0.075,12037.7125,115330039.6375,37.7125,39.6375,[0]
957,[0],1001,21,1,100,80,255,21,1001,1.15,12049.0875,115570905.55,49.0875,25.55,[0]
958,[0],1001,21,1,100,80,255,21,1001,0.4,12062.15,115812045.0875,62.15,45.0875,[0]
959,[0],1001,21,1,100,80,255,21,1001,0.65,12076.175,116053434.975,76.175,74.975,[0]
960,[0],1001,21,1,100,80,255,21,1001,0.925,12091.5,116295103.225,11.5,63.225,[0]
961,[0],1001,21,1,100,80,255,21,1001,1.2,12105.125,116537075.4125,25.125,35.4125,[0]
962,[0],1001,21,1,100,80,255,21,1001,1.1375,12115.4,116779279.9875,35.4,79.9875,[0]
963,[0],1001,21,1,100,80,255,21,1001,0.475,12126.55,117021705.8125,46.55,25.8125,[0]
964,[0],1001,21,1,100,80,255,21,1001,1.1375,12138.225,117264344.6125,58.225,24.6125,[0]
965,[0],1001,21,1,100,80,255,21,1001,0.25,12150.25,117507244.6125,70.25,44.6125,[0]
966,[0],1001,21,1,100,80,255,21,1001,0.1875,12164.6,117750395.625,4.6,75.625,[0]
967,[0],1001,21,1,100,80,255,21,1001,0.075,12175.225,117993803.725,15.225,43.725,[0]
968,[0],1001,21,1,100,80,255,21,1001,0.3875,12185.65,118237414.4625,25.65,54.4625,[0]
969,[0],1001,21,1,100,80,255,21,1001,1.1375,12200.475,118481277.0125,40.475,77.0125,[0]
970,[0],1001,21,1,100,80,255,21,1001,0.25,12214.425,118725443.4875,54.425,3.4875,[0]
971,[0],1001,21,1,100,80,255,21,1001,0.3,12226.8625,118969868.15,66.8625,28.15,[0]
972,[0],1001,21,1,100,80,255,21,1001,0.6125,12240.2,119214549.6875,0.2,69.6875,[0]
973,[0],1001,21,1,100,80,255,21,1001,1.0875,12254.7375,119459501.7125,14.7375,61.7125,[0]
974,[0],1001,21,1,100,80,255,21,1001,0.55,12265.175,119704710.2,25.175,70.2,[0]
975,[0],1001,21,1,100,80,255,21,1001,0.4,12276.3625,119950129.8375,36.3625,49.8375,[0]
976,[0],1001,21,1,100,80,255,21,1001,1.05,12286.775,120195766.3,46.775,6.3,[0]
977,[0],1001,21,1,100,80,255,21,1001,0.925,12300.375,120441636.575,60.375,36.575,[0]
978,[0],1001,21,1,100,80,255,21,1001,1.1625,12312.7875,120687784.6375,72.7875,24.6375,[0]
979,[0],1001,21,1,100,80,255,21,1001,0.825,12326.275,120934168.8375,6.275,8.8375,[0]
980,[0],1001,21,1,100,80,255,21,1001,1.0375,12339.15,121180823.85,19.15,23.85,[0]
981,[0],1001,21,1,100,80,255,21,1001,0.3125,12350.4375,121427732.7125,30.4375,52.7125,[0]
982,[0],1001,21,1,100,80,255,21,1001,0.225,12361.8625,121674867.7625,41.8625,67.7625,[0]
983,[0],1001,21,1,100,80,255,21,1001,0.3125,12375.4375,121922234.3,55.4375,74.3,[0]
984,[0],1001,21,1,100,80,255,21,1001,1.175,12392.125,122169920.3375,72.125,0.3375,[0]
985,[0],1001,21,1,100,80,255,21,1001,0.9375,12404.9625,122417888.15,4.9625,48.15,[0]
986,[0],1001,21,1,100,80,255,21,1001,1.0625,12418.8625,122666130.1125,18.8625,50.1125,[0]
987,[0],1001,21,1,100,80,255,21,1001,0.875,12430.2,122914635.9,30.2,75.9,[0]
988,[0],1001,21,1,100,80,255,21,1001,0.225,12442.3625,123163369.9125,42.3625,9.9125,[0]
989,[0],1001,21,1,100,80,255,21,1001,0.725,12454.275,123412352.825,54.275,32.825,[0]
990,[0],1001,21,1,100,80,255,21,1001,1.225,12465.0375,123661560.5,65.0375,40.5,[0]
991,[0],1001,21,1,100,80,255,21,1001,0.1875,12479.075,123911021.6375,79.075,61.6375,[0]
992,[0],1001,21,1,100,80,255,21,1001,0.3625,12489.9375,124160722.175,9.9375,2.175,[0]
993,[0],1001,21,1,100,80,255,21,1001,0.6125,12501.5625,124410633.7875,21.5625,73.7875,[0]
994,[0],1001,21,1,100,80,255,21,1001,0.0375,12512.325,124660772.65,32.325,52.65,[0]
995,[0],1001,21,1,100,80,255,21,1001,0.825,12527.175,124911165.375,47.175,45.375,[0]
996,[0],1001,21,1,100,80,255,21,1001,1.0625,12538.95,125161827.4375,58.95,67.4375,[0]
997,[0],1001,21,1,100,80,255,21,1001,1.175,12554.6875,125412776.2125,74.6875,56.2125,[0]
998,[0],1001,21,1,100,80,255,21,1001,0.4625,12566.575,125664008.6625,6.575,8.6625,[0]
999,[0],1001,21,1,100,80,255,21,1001,0.025,12578.2625,125915471.6125,18.2625,31.6125,[0]
